filename,label,recording_id,split
ml17_280a_0016_chunk0018.wav,0,ml17_280a_0016,train
ml17_280a_0029_chunk0008.wav,0,ml17_280a_0029,train
ml17_280a_0053_chunk0054.wav,0,ml17_280a_0053,train
ml17_280a_0091_chunk0034.wav,0,ml17_280a_0091,train
ml17_280a_0052_chunk0054.wav,0,ml17_280a_0052,train
ml17_280a_0114_chunk0059.wav,0,ml17_280a_0114,train
ml17_280a_0020_chunk0054.wav,0,ml17_280a_0020,train
ml17_280a_0089_chunk0009.wav,0,ml17_280a_0089,train
ml17_280a_0091_chunk0026.wav,0,ml17_280a_0091,train
ml17_280a_0089_chunk0052.wav,0,ml17_280a_0089,train
ml17_280a_0009_chunk0039.wav,0,ml17_280a_0009,train
ml17_280a_0029_chunk0011.wav,0,ml17_280a_0029,train
ml17_280a_0055_chunk0001.wav,0,ml17_280a_0055,train
ml17_280a_0023_chunk0055.wav,0,ml17_280a_0023,train
ml17_280a_0114_chunk0065.wav,0,ml17_280a_0114,train
ml17_280a_0048_chunk0062.wav,0,ml17_280a_0048,train
ml17_280a_0113_chunk0015.wav,0,ml17_280a_0113,train
ml17_280a_0065_chunk0040.wav,0,ml17_280a_0065,train
ml17_280a_0089_chunk0034.wav,0,ml17_280a_0089,train
ml17_280a_0057_chunk0024.wav,0,ml17_280a_0057,train
ml17_280a_0026_chunk0038.wav,0,ml17_280a_0026,train
ml17_280a_0062_chunk0006.wav,0,ml17_280a_0062,train
ml17_280a_0120_chunk0061.wav,0,ml17_280a_0120,train
ml17_280a_0160_chunk0009.wav,0,ml17_280a_0160,train
ml17_280a_0065_chunk0015.wav,0,ml17_280a_0065,train
ml17_280a_0073_chunk0027.wav,0,ml17_280a_0073,train
ml17_280a_0094_chunk0003.wav,0,ml17_280a_0094,train
ml17_280a_0068_chunk0039.wav,0,ml17_280a_0068,train
ml17_280a_0122_chunk0008.wav,0,ml17_280a_0122,train
ml17_280a_0009_chunk0031.wav,0,ml17_280a_0009,train
ml17_280a_0063_chunk0027.wav,0,ml17_280a_0063,train
ml17_280a_0020_chunk0045.wav,0,ml17_280a_0020,train
ml17_280a_0120_chunk0009.wav,0,ml17_280a_0120,train
ml17_280a_0049_chunk0042.wav,0,ml17_280a_0049,train
ml17_280a_0065_chunk0004.wav,0,ml17_280a_0065,train
ml17_280a_0052_chunk0044.wav,0,ml17_280a_0052,train
ml17_280a_0063_chunk0057.wav,0,ml17_280a_0063,train
ml17_280a_0009_chunk0036.wav,0,ml17_280a_0009,train
ml17_280a_0049_chunk0038.wav,0,ml17_280a_0049,train
ml17_280a_0068_chunk0000.wav,0,ml17_280a_0068,train
ml17_280a_0062_chunk0005.wav,0,ml17_280a_0062,train
ml17_280a_0073_chunk0011.wav,0,ml17_280a_0073,train
ml17_280a_0114_chunk0064.wav,0,ml17_280a_0114,train
ml17_280a_0073_chunk0046.wav,0,ml17_280a_0073,train
ml17_280a_0114_chunk0043.wav,0,ml17_280a_0114,train
ml17_280a_0014_chunk0006.wav,0,ml17_280a_0014,train
ml17_280a_0047_chunk0007.wav,0,ml17_280a_0047,train
ml17_280a_0024_chunk0014.wav,0,ml17_280a_0024,train
ml17_280a_0023_chunk0032.wav,0,ml17_280a_0023,train
ml17_280a_0068_chunk0001.wav,0,ml17_280a_0068,train
ml17_280a_0045_chunk0024.wav,0,ml17_280a_0045,train
ml17_280a_0057_chunk0000.wav,0,ml17_280a_0057,train
ml17_280a_0089_chunk0035.wav,0,ml17_280a_0089,train
ml17_280a_0052_chunk0034.wav,0,ml17_280a_0052,train
ml17_280a_0065_chunk0005.wav,0,ml17_280a_0065,train
ml17_280a_0020_chunk0052.wav,0,ml17_280a_0020,train
ml17_280a_0055_chunk0034.wav,0,ml17_280a_0055,train
ml17_280a_0048_chunk0048.wav,0,ml17_280a_0048,train
ml17_280a_0055_chunk0053.wav,0,ml17_280a_0055,train
ml17_280a_0073_chunk0003.wav,0,ml17_280a_0073,train
ml17_280a_0048_chunk0007.wav,0,ml17_280a_0048,train
ml17_280a_0052_chunk0001.wav,0,ml17_280a_0052,train
ml17_280a_0122_chunk0000.wav,0,ml17_280a_0122,train
ml17_280a_0062_chunk0004.wav,0,ml17_280a_0062,train
ml17_280a_0029_chunk0036.wav,0,ml17_280a_0029,train
ml17_280a_0094_chunk0002.wav,0,ml17_280a_0094,train
ml17_280a_0068_chunk0061.wav,0,ml17_280a_0068,train
ml17_280a_0045_chunk0015.wav,0,ml17_280a_0045,train
ml17_280a_0124_chunk0004.wav,0,ml17_280a_0124,train
ml17_280a_0053_chunk0035.wav,0,ml17_280a_0053,train
ml17_280a_0087_chunk0016.wav,0,ml17_280a_0087,train
ml17_280a_0023_chunk0034.wav,0,ml17_280a_0023,train
ml17_280a_0073_chunk0005.wav,0,ml17_280a_0073,train
ml17_280a_0091_chunk0027.wav,0,ml17_280a_0091,train
ml17_280a_0088_chunk0014.wav,0,ml17_280a_0088,train
ml17_280a_0028_chunk0044.wav,0,ml17_280a_0028,train
ml17_280a_0048_chunk0047.wav,0,ml17_280a_0048,train
ml17_280a_0055_chunk0013.wav,0,ml17_280a_0055,train
ml17_280a_0009_chunk0033.wav,0,ml17_280a_0009,train
ml17_280a_0120_chunk0006.wav,0,ml17_280a_0120,train
ml17_280a_0053_chunk0026.wav,0,ml17_280a_0053,train
ml17_280a_0089_chunk0002.wav,0,ml17_280a_0089,train
ml17_280a_0114_chunk0052.wav,0,ml17_280a_0114,train
ml17_280a_0052_chunk0002.wav,0,ml17_280a_0052,train
ml17_280a_0026_chunk0023.wav,0,ml17_280a_0026,train
ml17_280a_0122_chunk0003.wav,0,ml17_280a_0122,train
ml17_280a_0063_chunk0012.wav,0,ml17_280a_0063,train
ml17_280a_0023_chunk0026.wav,0,ml17_280a_0023,train
ml17_280a_0088_chunk0027.wav,0,ml17_280a_0088,train
ml17_280a_0060_chunk0003.wav,0,ml17_280a_0060,train
ml17_280a_0057_chunk0040.wav,0,ml17_280a_0057,train
ml17_280a_0073_chunk0025.wav,0,ml17_280a_0073,train
ml17_280a_0060_chunk0061.wav,0,ml17_280a_0060,train
ml17_280a_0091_chunk0042.wav,0,ml17_280a_0091,train
ml17_280a_0063_chunk0018.wav,0,ml17_280a_0063,train
ml17_280a_0023_chunk0065.wav,0,ml17_280a_0023,train
ml17_280a_0059_chunk0014.wav,0,ml17_280a_0059,train
ml17_280a_0009_chunk0026.wav,0,ml17_280a_0009,train
ml17_280a_0026_chunk0025.wav,0,ml17_280a_0026,train
ml17_280a_0073_chunk0018.wav,0,ml17_280a_0073,train
ml17_280a_0089_chunk0022.wav,0,ml17_280a_0089,train
ml17_280a_0059_chunk0021.wav,0,ml17_280a_0059,train
ml17_280a_0114_chunk0025.wav,0,ml17_280a_0114,train
ml17_280a_0116_chunk0002.wav,0,ml17_280a_0116,train
ml17_280a_0060_chunk0064.wav,0,ml17_280a_0060,train
ml17_280a_0052_chunk0004.wav,0,ml17_280a_0052,train
ml17_280a_0053_chunk0041.wav,0,ml17_280a_0053,train
ml17_280a_0055_chunk0050.wav,0,ml17_280a_0055,train
ml17_280a_0057_chunk0028.wav,0,ml17_280a_0057,train
ml17_280a_0045_chunk0001.wav,0,ml17_280a_0045,train
ml17_280a_0088_chunk0012.wav,0,ml17_280a_0088,train
ml17_280a_0045_chunk0059.wav,0,ml17_280a_0045,train
ml17_280a_0026_chunk0049.wav,0,ml17_280a_0026,train
ml17_280a_0028_chunk0020.wav,0,ml17_280a_0028,train
ml17_280a_0122_chunk0001.wav,0,ml17_280a_0122,train
ml17_280a_0055_chunk0032.wav,0,ml17_280a_0055,train
ml17_280a_0063_chunk0019.wav,0,ml17_280a_0063,train
ml17_280a_0088_chunk0045.wav,0,ml17_280a_0088,train
ml17_280a_0065_chunk0017.wav,0,ml17_280a_0065,train
ml17_280a_0114_chunk0009.wav,0,ml17_280a_0114,train
ml17_280a_0088_chunk0026.wav,0,ml17_280a_0088,train
ml17_280a_0063_chunk0034.wav,0,ml17_280a_0063,train
ml17_280a_0088_chunk0040.wav,0,ml17_280a_0088,train
ml17_280a_0068_chunk0018.wav,0,ml17_280a_0068,train
ml17_280a_0048_chunk0029.wav,0,ml17_280a_0048,train
ml17_280a_0120_chunk0018.wav,0,ml17_280a_0120,train
ml17_280a_0060_chunk0022.wav,0,ml17_280a_0060,train
ml17_280a_0060_chunk0014.wav,0,ml17_280a_0060,train
ml17_280a_0055_chunk0036.wav,0,ml17_280a_0055,train
ml17_280a_0031_chunk0021.wav,0,ml17_280a_0031,val
ml17_280a_0042_chunk0046.wav,0,ml17_280a_0042,val
ml17_280a_0042_chunk0056.wav,0,ml17_280a_0042,val
ml17_280a_0133_chunk0009.wav,0,ml17_280a_0133,val
ml17_280a_0012_chunk0031.wav,0,ml17_280a_0012,val
ml17_280a_0133_chunk0008.wav,0,ml17_280a_0133,val
ml17_280a_0042_chunk0000.wav,0,ml17_280a_0042,val
ml17_280a_0012_chunk0057.wav,0,ml17_280a_0012,val
ml17_280a_0042_chunk0059.wav,0,ml17_280a_0042,val
ml17_280a_0133_chunk0003.wav,0,ml17_280a_0133,val
ml17_280a_0042_chunk0016.wav,0,ml17_280a_0042,val
ml17_280a_0042_chunk0005.wav,0,ml17_280a_0042,val
ml17_280a_0031_chunk0040.wav,0,ml17_280a_0031,val
ml17_280a_0099_chunk0041.wav,1,ml17_280a_0099,test
ml17_280a_0083_chunk0031.wav,1,ml17_280a_0083,test
ml17_280a_0095_chunk0055.wav,1,ml17_280a_0095,test
ml17_280a_0095_chunk0025.wav,1,ml17_280a_0095,test
ml17_280a_0083_chunk0032.wav,1,ml17_280a_0083,test
ml17_280a_0036_chunk0040.wav,1,ml17_280a_0036,test
ml17_280a_0168_chunk0005.wav,1,ml17_280a_0168,test
ml17_280a_0081_chunk0019.wav,1,ml17_280a_0081,test
ml17_280a_0095_chunk0061.wav,1,ml17_280a_0095,test
ml17_280a_0099_chunk0040.wav,1,ml17_280a_0099,test
ml17_280a_0095_chunk0059.wav,1,ml17_280a_0095,test
ml17_280a_0086_chunk0046.wav,1,ml17_280a_0086,test
ml17_280a_0095_chunk0057.wav,1,ml17_280a_0095,test
ml17_280a_0137_chunk0015.wav,1,ml17_280a_0137,test
ml17_280a_0099_chunk0012.wav,1,ml17_280a_0099,test
ml17_280a_0083_chunk0037.wav,1,ml17_280a_0083,test
ml17_280a_0099_chunk0039.wav,1,ml17_280a_0099,test
ml17_280a_0058_chunk0038.wav,1,ml17_280a_0058,test
ml17_280a_0153_chunk0035.wav,1,ml17_280a_0153,test
ml17_280a_0081_chunk0027.wav,1,ml17_280a_0081,test
ml17_280a_0096_chunk0036.wav,1,ml17_280a_0096,test
ml17_280a_0095_chunk0058.wav,1,ml17_280a_0095,test
ml17_280a_0095_chunk0062.wav,1,ml17_280a_0095,test
ml17_280a_0137_chunk0003.wav,1,ml17_280a_0137,test
ml17_280a_0083_chunk0033.wav,1,ml17_280a_0083,test
ml17_280a_0095_chunk0056.wav,1,ml17_280a_0095,test
ml17_280a_0085_chunk0007.wav,1,ml17_280a_0085,test
ml17_280a_0137_chunk0001.wav,1,ml17_280a_0137,test
ml17_280a_0095_chunk0054.wav,1,ml17_280a_0095,test
ml17_280a_0081_chunk0020.wav,1,ml17_280a_0081,test
ml17_280a_0041_chunk0028.wav,1,ml17_280a_0041,test
ml17_280a_0084_chunk0007.wav,1,ml17_280a_0084,test
ml17_280a_0083_chunk0041.wav,1,ml17_280a_0083,test
ml17_280a_0168_chunk0012.wav,1,ml17_280a_0168,test
ml17_280a_0099_chunk0025.wav,1,ml17_280a_0099,test
ml17_280a_0137_chunk0013.wav,1,ml17_280a_0137,test
ml17_280a_0083_chunk0039.wav,1,ml17_280a_0083,test
ml17_280a_0081_chunk0059.wav,1,ml17_280a_0081,test
ml17_280a_0082_chunk0051.wav,1,ml17_280a_0082,test
ml17_280a_0082_chunk0015.wav,1,ml17_280a_0082,test
ml17_280a_0083_chunk0024.wav,1,ml17_280a_0083,test
ml17_280a_0081_chunk0024.wav,1,ml17_280a_0081,test
ml17_280a_0095_chunk0032.wav,1,ml17_280a_0095,test
ml17_280a_0137_chunk0005.wav,1,ml17_280a_0137,test
ml17_280a_0082_chunk0062.wav,1,ml17_280a_0082,test
ml17_280a_0086_chunk0044.wav,1,ml17_280a_0086,test
ml17_280a_0171_chunk0014.wav,1,ml17_280a_0171,test
ml17_280a_0137_chunk0006.wav,1,ml17_280a_0137,test
ml17_280a_0099_chunk0038.wav,1,ml17_280a_0099,test
ml17_280a_0137_chunk0011.wav,1,ml17_280a_0137,test
ml17_280a_0083_chunk0036.wav,1,ml17_280a_0083,test
ml17_280a_0085_chunk0008.wav,1,ml17_280a_0085,test
ml17_280a_0083_chunk0000.wav,1,ml17_280a_0083,test
ml17_280a_0082_chunk0022.wav,1,ml17_280a_0082,test
ml17_280a_0162_chunk0000.wav,1,ml17_280a_0162,test
ml17_280a_0099_chunk0023.wav,1,ml17_280a_0099,test
ml17_280a_0137_chunk0012.wav,1,ml17_280a_0137,test
ml17_280a_0082_chunk0038.wav,1,ml17_280a_0082,test
ml17_280a_0083_chunk0027.wav,1,ml17_280a_0083,test
ml17_280a_0096_chunk0026.wav,1,ml17_280a_0096,test
ml17_280a_0083_chunk0002.wav,1,ml17_280a_0083,test
ml17_280a_0165_chunk0000.wav,1,ml17_280a_0165,test
ml17_280a_0095_chunk0033.wav,1,ml17_280a_0095,test
ml17_280a_0161_chunk0000.wav,1,ml17_280a_0161,test
ml17_280a_0039_chunk0040.wav,1,ml17_280a_0039,test
ml17_280a_0164_chunk0002.wav,1,ml17_280a_0164,test
ml17_280a_0137_chunk0004.wav,1,ml17_280a_0137,test
ml17_280a_0153_chunk0045.wav,1,ml17_280a_0153,test
ml17_280a_0137_chunk0014.wav,1,ml17_280a_0137,test
ml17_280a_0099_chunk0029.wav,1,ml17_280a_0099,test
ml17_280a_0081_chunk0028.wav,1,ml17_280a_0081,test
ml17_280a_0165_chunk0028.wav,1,ml17_280a_0165,test
ml17_280a_0099_chunk0030.wav,1,ml17_280a_0099,test
ml17_280a_0095_chunk0053.wav,1,ml17_280a_0095,test
ml17_280a_0095_chunk0027.wav,1,ml17_280a_0095,test
ml17_280a_0139_chunk0004.wav,1,ml17_280a_0139,test
ml17_280a_0168_chunk0013.wav,1,ml17_280a_0168,test
ml17_280a_0084_chunk0015.wav,1,ml17_280a_0084,test
ml17_280a_0169_chunk0021.wav,1,ml17_280a_0169,test
ml17_280a_0137_chunk0010.wav,1,ml17_280a_0137,test
ml17_280a_0153_chunk0030.wav,1,ml17_280a_0153,test
ml17_280a_0015_chunk0018.wav,1,ml17_280a_0015,test
ml17_280a_0099_chunk0037.wav,1,ml17_280a_0099,test
ml17_280a_0083_chunk0007.wav,1,ml17_280a_0083,test
ml17_280a_0096_chunk0034.wav,1,ml17_280a_0096,test
ml17_280a_0170_chunk0006.wav,1,ml17_280a_0170,test
ml17_280a_0171_chunk0013.wav,1,ml17_280a_0171,test
ml17_280a_0070_chunk0020.wav,1,ml17_280a_0070,test
ml17_280a_0081_chunk0061.wav,1,ml17_280a_0081,test
ml17_280a_0083_chunk0004.wav,1,ml17_280a_0083,test
ml17_280a_0099_chunk0032.wav,1,ml17_280a_0099,test
ml17_280a_0082_chunk0050.wav,1,ml17_280a_0082,test
ml17_280a_0082_chunk0046.wav,1,ml17_280a_0082,test
ml17_280a_0144_chunk0054.wav,1,ml17_280a_0144,test
ml17_280a_0148_chunk0003.wav,1,ml17_280a_0148,test
ml17_280a_0081_chunk0015.wav,1,ml17_280a_0081,test
ml17_280a_0096_chunk0038.wav,1,ml17_280a_0096,test
ml17_280a_0084_chunk0049.wav,1,ml17_280a_0084,test
ml17_280a_0082_chunk0033.wav,1,ml17_280a_0082,test
ml17_280a_0099_chunk0019.wav,1,ml17_280a_0099,test
ml17_280a_0083_chunk0030.wav,1,ml17_280a_0083,test
ml17_280a_0099_chunk0046.wav,1,ml17_280a_0099,test
ml17_280a_0095_chunk0031.wav,1,ml17_280a_0095,test
ml17_280a_0082_chunk0065.wav,1,ml17_280a_0082,test
ml17_280a_0039_chunk0041.wav,1,ml17_280a_0039,test
ml17_280a_0083_chunk0025.wav,1,ml17_280a_0083,test
ml17_280a_0099_chunk0015.wav,1,ml17_280a_0099,test
ml17_280a_0082_chunk0023.wav,1,ml17_280a_0082,test
ml17_280a_0168_chunk0001.wav,1,ml17_280a_0168,test
ml17_280a_0082_chunk0052.wav,1,ml17_280a_0082,test
ml17_280a_0081_chunk0064.wav,1,ml17_280a_0081,test
ml17_280a_0082_chunk0017.wav,1,ml17_280a_0082,test
ml17_280a_0083_chunk0028.wav,1,ml17_280a_0083,test
ml17_280a_0095_chunk0060.wav,1,ml17_280a_0095,test
ml17_280a_0081_chunk0025.wav,1,ml17_280a_0081,test
ml17_280a_0085_chunk0011.wav,1,ml17_280a_0085,test
ml17_280a_0083_chunk0014.wav,1,ml17_280a_0083,test
ml17_280a_0168_chunk0011.wav,1,ml17_280a_0168,test
ml17_280a_0081_chunk0004.wav,1,ml17_280a_0081,test
ml17_280a_0097_chunk0027.wav,1,ml17_280a_0097,test
ml17_280a_0082_chunk0006.wav,1,ml17_280a_0082,test
ml17_280a_0096_chunk0040.wav,1,ml17_280a_0096,test
ml17_280a_0154_chunk0024.wav,1,ml17_280a_0154,test
ml17_280a_0081_chunk0014.wav,1,ml17_280a_0081,test
ml17_280a_0083_chunk0008.wav,1,ml17_280a_0083,test
ml17_280a_0083_chunk0023.wav,1,ml17_280a_0083,test
ml17_280a_0081_chunk0042.wav,1,ml17_280a_0081,test
ml17_280a_0084_chunk0017.wav,1,ml17_280a_0084,test
ml17_280a_0082_chunk0036.wav,1,ml17_280a_0082,test
ml17_280a_0086_chunk0062.wav,1,ml17_280a_0086,test
ml17_280a_0083_chunk0034.wav,1,ml17_280a_0083,test
ml17_280a_0099_chunk0027.wav,1,ml17_280a_0099,test
ml17_280a_0095_chunk0028.wav,1,ml17_280a_0095,test
ml17_280a_0099_chunk0048.wav,1,ml17_280a_0099,test
ml17_280a_0096_chunk0017.wav,1,ml17_280a_0096,test
ml17_280a_0082_chunk0025.wav,1,ml17_280a_0082,test
ml17_280a_0082_chunk0029.wav,1,ml17_280a_0082,test
ml17_280a_0081_chunk0026.wav,1,ml17_280a_0081,test
ml17_280a_0082_chunk0008.wav,1,ml17_280a_0082,test
ml17_280a_0095_chunk0030.wav,1,ml17_280a_0095,test
ml17_280a_0019_chunk0018.wav,1,ml17_280a_0019,test
ml17_280a_0097_chunk0020.wav,1,ml17_280a_0097,test
ml17_280a_0141_chunk0010.wav,1,ml17_280a_0141,test
ml17_280a_0098_chunk0024.wav,1,ml17_280a_0098,test
ml17_280a_0051_chunk0000.wav,1,ml17_280a_0051,test
ml17_280a_0130_chunk0015.wav,1,ml17_280a_0130,test
ml17_280a_0083_chunk0026.wav,1,ml17_280a_0083,test
ml17_280a_0141_chunk0037.wav,1,ml17_280a_0141,test
ml17_280a_0086_chunk0042.wav,1,ml17_280a_0086,test
ml17_280a_0082_chunk0026.wav,1,ml17_280a_0082,test
ml17_280a_0137_chunk0016.wav,1,ml17_280a_0137,test
ml17_280a_0099_chunk0013.wav,1,ml17_280a_0099,test
ml17_280a_0095_chunk0051.wav,1,ml17_280a_0095,test
ml17_280a_0098_chunk0061.wav,1,ml17_280a_0098,test
ml17_280a_0163_chunk0037.wav,1,ml17_280a_0163,test
ml17_280a_0081_chunk0048.wav,1,ml17_280a_0081,test
ml17_280a_0075_chunk0007.wav,1,ml17_280a_0075,test
ml17_280a_0141_chunk0061.wav,1,ml17_280a_0141,test
ml17_280a_0098_chunk0027.wav,1,ml17_280a_0098,test
ml17_280a_0082_chunk0024.wav,1,ml17_280a_0082,test
ml17_280a_0168_chunk0002.wav,1,ml17_280a_0168,test
ml17_280a_0082_chunk0055.wav,1,ml17_280a_0082,test
ml17_280a_0070_chunk0022.wav,1,ml17_280a_0070,test
ml17_280a_0084_chunk0051.wav,1,ml17_280a_0084,test
ml17_280a_0084_chunk0001.wav,1,ml17_280a_0084,test
ml17_280a_0081_chunk0018.wav,1,ml17_280a_0081,test
ml17_280a_0164_chunk0000.wav,1,ml17_280a_0164,test
ml17_280a_0083_chunk0013.wav,1,ml17_280a_0083,test
ml17_280a_0081_chunk0033.wav,1,ml17_280a_0081,test
ml17_280a_0097_chunk0030.wav,1,ml17_280a_0097,test
ml17_280a_0096_chunk0014.wav,1,ml17_280a_0096,test
ml17_280a_0098_chunk0028.wav,1,ml17_280a_0098,test
ml17_280a_0099_chunk0047.wav,1,ml17_280a_0099,test
ml17_280a_0069_chunk0065.wav,1,ml17_280a_0069,test
ml17_280a_0084_chunk0059.wav,1,ml17_280a_0084,test
ml17_280a_0173_chunk0003.wav,1,ml17_280a_0173,test
ml17_280a_0099_chunk0024.wav,1,ml17_280a_0099,test
ml17_280a_0069_chunk0059.wav,1,ml17_280a_0069,test
ml17_280a_0081_chunk0065.wav,1,ml17_280a_0081,test
ml17_280a_0137_chunk0024.wav,1,ml17_280a_0137,test
ml17_280a_0081_chunk0052.wav,1,ml17_280a_0081,test
ml17_280a_0082_chunk0037.wav,1,ml17_280a_0082,test
ml17_280a_0169_chunk0020.wav,1,ml17_280a_0169,test
ml17_280a_0099_chunk0026.wav,1,ml17_280a_0099,test
ml17_280a_0083_chunk0009.wav,1,ml17_280a_0083,test
ml17_280a_0169_chunk0022.wav,1,ml17_280a_0169,test
ml17_280a_0082_chunk0013.wav,1,ml17_280a_0082,test
ml17_280a_0171_chunk0018.wav,1,ml17_280a_0171,test
ml17_280a_0081_chunk0050.wav,1,ml17_280a_0081,test
ml17_280a_0172_chunk0004.wav,1,ml17_280a_0172,test
ml17_280a_0084_chunk0013.wav,1,ml17_280a_0084,test
ml17_280a_0084_chunk0005.wav,1,ml17_280a_0084,test
ml17_280a_0083_chunk0006.wav,1,ml17_280a_0083,test
ml17_280a_0096_chunk0020.wav,1,ml17_280a_0096,test
ml17_280a_0084_chunk0022.wav,1,ml17_280a_0084,test
ml17_280a_0096_chunk0022.wav,1,ml17_280a_0096,test
ml17_280a_0081_chunk0056.wav,1,ml17_280a_0081,test
ml17_280a_0169_chunk0019.wav,1,ml17_280a_0169,test
ml17_280a_0081_chunk0000.wav,1,ml17_280a_0081,test
ml17_280a_0082_chunk0031.wav,1,ml17_280a_0082,test
ml17_280a_0082_chunk0040.wav,1,ml17_280a_0082,test
ml17_280a_0081_chunk0036.wav,1,ml17_280a_0081,test
ml17_280a_0037_chunk0031.wav,1,ml17_280a_0037,test
ml17_280a_0098_chunk0025.wav,1,ml17_280a_0098,test
ml17_280a_0168_chunk0009.wav,1,ml17_280a_0168,test
ml17_280a_0081_chunk0030.wav,1,ml17_280a_0081,test
ml17_280a_0126_chunk0049.wav,1,ml17_280a_0126,test
ml17_280a_0139_chunk0059.wav,1,ml17_280a_0139,test
ml17_280a_0098_chunk0011.wav,1,ml17_280a_0098,test
ml17_280a_0081_chunk0001.wav,1,ml17_280a_0081,test
ml17_280a_0143_chunk0065.wav,1,ml17_280a_0143,test
ml17_280a_0148_chunk0001.wav,1,ml17_280a_0148,test
ml17_280a_0056_chunk0010.wav,1,ml17_280a_0056,test
ml17_280a_0084_chunk0009.wav,1,ml17_280a_0084,test
ml17_280a_0145_chunk0033.wav,1,ml17_280a_0145,test
ml17_280a_0081_chunk0010.wav,1,ml17_280a_0081,test
ml17_280a_0106_chunk0048.wav,1,ml17_280a_0106,test
ml17_280a_0162_chunk0029.wav,1,ml17_280a_0162,test
ml17_280a_0147_chunk0008.wav,1,ml17_280a_0147,test
ml17_280a_0098_chunk0057.wav,1,ml17_280a_0098,test
ml17_280a_0173_chunk0005.wav,1,ml17_280a_0173,test
ml17_280a_0083_chunk0055.wav,1,ml17_280a_0083,test
ml17_280a_0082_chunk0018.wav,1,ml17_280a_0082,test
ml17_280a_0081_chunk0057.wav,1,ml17_280a_0081,test
ml17_280a_0061_chunk0003.wav,1,ml17_280a_0061,test
ml17_280a_0172_chunk0002.wav,1,ml17_280a_0172,test
ml17_280a_0163_chunk0030.wav,1,ml17_280a_0163,test
ml17_280a_0084_chunk0065.wav,1,ml17_280a_0084,test
ml17_280a_0056_chunk0006.wav,1,ml17_280a_0056,test
ml17_280a_0140_chunk0003.wav,1,ml17_280a_0140,test
ml17_280a_0095_chunk0012.wav,1,ml17_280a_0095,test
ml17_280a_0061_chunk0002.wav,1,ml17_280a_0061,test
ml17_280a_0140_chunk0042.wav,1,ml17_280a_0140,test
ml17_280a_0076_chunk0011.wav,1,ml17_280a_0076,test
ml17_280a_0076_chunk0008.wav,1,ml17_280a_0076,test
ml17_280a_0173_chunk0000.wav,1,ml17_280a_0173,test
ml17_280a_0168_chunk0008.wav,1,ml17_280a_0168,test
ml17_280a_0141_chunk0063.wav,1,ml17_280a_0141,test
ml17_280a_0154_chunk0023.wav,1,ml17_280a_0154,test
ml17_280a_0148_chunk0008.wav,1,ml17_280a_0148,test
ml17_280a_0096_chunk0010.wav,1,ml17_280a_0096,test
ml17_280a_0148_chunk0007.wav,1,ml17_280a_0148,test
ml17_280a_0152_chunk0017.wav,1,ml17_280a_0152,test
ml17_280a_0003_chunk0022.wav,0,ml17_280a_0003,test
ml17_280a_0119_chunk0025.wav,0,ml17_280a_0119,test
ml17_280a_0171_chunk0002.wav,1,ml17_280a_0171,test
ml17_280a_0083_chunk0064.wav,0,ml17_280a_0083,test
ml17_280a_0141_chunk0026.wav,1,ml17_280a_0141,test
ml17_280a_0172_chunk0000.wav,1,ml17_280a_0172,test
ml17_280a_0117_chunk0036.wav,1,ml17_280a_0117,test
ml17_280a_0101_chunk0029.wav,1,ml17_280a_0101,test
ml17_280a_0081_chunk0008.wav,1,ml17_280a_0081,test
ml17_280a_0172_chunk0006.wav,1,ml17_280a_0172,test
ml17_280a_0081_chunk0034.wav,1,ml17_280a_0081,test
ml17_280a_0039_chunk0021.wav,1,ml17_280a_0039,test
ml17_280a_0141_chunk0057.wav,1,ml17_280a_0141,test
ml17_280a_0084_chunk0028.wav,1,ml17_280a_0084,test
ml17_280a_0069_chunk0047.wav,1,ml17_280a_0069,test
ml17_280a_0019_chunk0004.wav,1,ml17_280a_0019,test
ml17_280a_0069_chunk0045.wav,1,ml17_280a_0069,test
ml17_280a_0082_chunk0048.wav,1,ml17_280a_0082,test
ml17_280a_0070_chunk0029.wav,1,ml17_280a_0070,test
ml17_280a_0077_chunk0059.wav,1,ml17_280a_0077,test
ml17_280a_0099_chunk0060.wav,1,ml17_280a_0099,test
ml17_280a_0173_chunk0013.wav,1,ml17_280a_0173,test
ml17_280a_0082_chunk0000.wav,1,ml17_280a_0082,test
ml17_280a_0096_chunk0006.wav,1,ml17_280a_0096,test
ml17_280a_0096_chunk0028.wav,1,ml17_280a_0096,test
ml17_280a_0154_chunk0063.wav,1,ml17_280a_0154,test
ml17_280a_0138_chunk0004.wav,1,ml17_280a_0138,test
ml17_280a_0143_chunk0028.wav,1,ml17_280a_0143,test
ml17_280a_0139_chunk0020.wav,1,ml17_280a_0139,test
ml17_280a_0140_chunk0040.wav,1,ml17_280a_0140,test
ml17_280a_0081_chunk0007.wav,1,ml17_280a_0081,test
ml17_280a_0076_chunk0009.wav,1,ml17_280a_0076,test
ml17_280a_0100_chunk0001.wav,1,ml17_280a_0100,test
ml17_280a_0165_chunk0041.wav,1,ml17_280a_0165,test
ml17_280a_0139_chunk0000.wav,1,ml17_280a_0139,test
ml17_280a_0123_chunk0002.wav,1,ml17_280a_0123,test
ml17_280a_0145_chunk0035.wav,1,ml17_280a_0145,test
ml17_280a_0081_chunk0038.wav,1,ml17_280a_0081,test
ml17_280a_0138_chunk0011.wav,1,ml17_280a_0138,test
ml17_280a_0169_chunk0006.wav,1,ml17_280a_0169,test
ml17_280a_0148_chunk0005.wav,1,ml17_280a_0148,test
ml17_280a_0166_chunk0016.wav,1,ml17_280a_0166,test
ml17_280a_0070_chunk0007.wav,1,ml17_280a_0070,test
ml17_280a_0145_chunk0031.wav,1,ml17_280a_0145,test
ml17_280a_0142_chunk0018.wav,1,ml17_280a_0142,test
ml17_280a_0171_chunk0007.wav,1,ml17_280a_0171,test
ml17_280a_0168_chunk0018.wav,1,ml17_280a_0168,test
ml17_280a_0076_chunk0010.wav,1,ml17_280a_0076,test
ml17_280a_0170_chunk0010.wav,1,ml17_280a_0170,test
ml17_280a_0041_chunk0033.wav,1,ml17_280a_0041,test
ml17_280a_0168_chunk0003.wav,1,ml17_280a_0168,test
ml17_280a_0163_chunk0032.wav,1,ml17_280a_0163,test
ml17_280a_0056_chunk0007.wav,1,ml17_280a_0056,test
ml17_280a_0061_chunk0007.wav,1,ml17_280a_0061,test
ml17_280a_0144_chunk0053.wav,1,ml17_280a_0144,test
ml17_280a_0084_chunk0032.wav,1,ml17_280a_0084,test
ml17_280a_0164_chunk0052.wav,1,ml17_280a_0164,test
ml17_280a_0095_chunk0049.wav,1,ml17_280a_0095,test
ml17_280a_0097_chunk0028.wav,1,ml17_280a_0097,test
ml17_280a_0085_chunk0026.wav,1,ml17_280a_0085,test
ml17_280a_0162_chunk0041.wav,1,ml17_280a_0162,test
ml17_280a_0098_chunk0029.wav,1,ml17_280a_0098,test
ml17_280a_0038_chunk0001.wav,1,ml17_280a_0038,test
ml17_280a_0172_chunk0010.wav,1,ml17_280a_0172,test
ml17_280a_0069_chunk0044.wav,1,ml17_280a_0069,test
ml17_280a_0039_chunk0039.wav,1,ml17_280a_0039,test
ml17_280a_0151_chunk0013.wav,1,ml17_280a_0151,test
ml17_280a_0176_chunk0003.wav,1,ml17_280a_0176,test
ml17_280a_0033_chunk0032.wav,1,ml17_280a_0033,test
ml17_280a_0061_chunk0004.wav,1,ml17_280a_0061,test
ml17_280a_0161_chunk0011.wav,1,ml17_280a_0161,test
ml17_280a_0173_chunk0007.wav,1,ml17_280a_0173,test
ml17_280a_0155_chunk0010.wav,1,ml17_280a_0155,test
ml17_280a_0039_chunk0013.wav,1,ml17_280a_0039,test
ml17_280a_0046_chunk0012.wav,1,ml17_280a_0046,test
ml17_280a_0082_chunk0003.wav,1,ml17_280a_0082,test
ml17_280a_0144_chunk0011.wav,1,ml17_280a_0144,test
ml17_280a_0162_chunk0065.wav,1,ml17_280a_0162,test
ml17_280a_0138_chunk0012.wav,1,ml17_280a_0138,test
ml17_280a_0099_chunk0042.wav,1,ml17_280a_0099,test
ml17_280a_0129_chunk0004.wav,1,ml17_280a_0129,test
ml17_280a_0097_chunk0000.wav,1,ml17_280a_0097,test
ml17_280a_0156_chunk0009.wav,1,ml17_280a_0156,test
ml17_280a_0096_chunk0025.wav,1,ml17_280a_0096,test
ml17_280a_0080_chunk0001.wav,1,ml17_280a_0080,test
ml17_280a_0153_chunk0043.wav,1,ml17_280a_0153,test
ml17_280a_0019_chunk0062.wav,1,ml17_280a_0019,test
ml17_280a_0038_chunk0048.wav,1,ml17_280a_0038,test
ml17_280a_0039_chunk0023.wav,1,ml17_280a_0039,test
ml17_280a_0145_chunk0000.wav,1,ml17_280a_0145,test
ml17_280a_0106_chunk0006.wav,0,ml17_280a_0106,test
ml17_280a_0095_chunk0018.wav,1,ml17_280a_0095,test
ml17_280a_0101_chunk0015.wav,1,ml17_280a_0101,test
ml17_280a_0006_chunk0046.wav,1,ml17_280a_0006,test
ml17_280a_0003_chunk0020.wav,1,ml17_280a_0003,test
ml17_280a_0151_chunk0000.wav,1,ml17_280a_0151,test
ml17_280a_0166_chunk0017.wav,1,ml17_280a_0166,test
ml17_280a_0151_chunk0004.wav,1,ml17_280a_0151,test
ml17_280a_0099_chunk0057.wav,1,ml17_280a_0099,test
ml17_280a_0101_chunk0010.wav,1,ml17_280a_0101,test
ml17_280a_0107_chunk0004.wav,1,ml17_280a_0107,test
ml17_280a_0096_chunk0005.wav,1,ml17_280a_0096,test
ml17_280a_0171_chunk0020.wav,1,ml17_280a_0171,test
ml17_280a_0081_chunk0039.wav,1,ml17_280a_0081,test
ml17_280a_0135_chunk0025.wav,1,ml17_280a_0135,test
ml17_280a_0129_chunk0011.wav,1,ml17_280a_0129,test
ml17_280a_0101_chunk0031.wav,1,ml17_280a_0101,test
ml17_280a_0097_chunk0018.wav,1,ml17_280a_0097,test
ml17_280a_0098_chunk0035.wav,1,ml17_280a_0098,test
ml17_280a_0085_chunk0013.wav,1,ml17_280a_0085,test
ml17_280a_0085_chunk0001.wav,0,ml17_280a_0085,test
ml17_280a_0092_chunk0009.wav,1,ml17_280a_0092,test
ml17_280a_0037_chunk0032.wav,1,ml17_280a_0037,test
ml17_280a_0086_chunk0037.wav,1,ml17_280a_0086,test
ml17_280a_0077_chunk0053.wav,1,ml17_280a_0077,test
ml17_280a_0037_chunk0030.wav,1,ml17_280a_0037,test
ml17_280a_0036_chunk0063.wav,1,ml17_280a_0036,test
ml17_280a_0095_chunk0029.wav,1,ml17_280a_0095,test
ml17_280a_0143_chunk0040.wav,1,ml17_280a_0143,test
ml17_280a_0064_chunk0004.wav,0,ml17_280a_0064,test
ml17_280a_0099_chunk0031.wav,1,ml17_280a_0099,test
ml17_280a_0149_chunk0002.wav,1,ml17_280a_0149,test
ml17_280a_0117_chunk0000.wav,1,ml17_280a_0117,test
ml17_280a_0051_chunk0004.wav,1,ml17_280a_0051,test
ml17_280a_0069_chunk0030.wav,1,ml17_280a_0069,test
ml17_280a_0044_chunk0028.wav,0,ml17_280a_0044,test
ml17_280a_0061_chunk0008.wav,1,ml17_280a_0061,test
ml17_280a_0085_chunk0057.wav,1,ml17_280a_0085,test
ml17_280a_0170_chunk0000.wav,1,ml17_280a_0170,test
ml17_280a_0007_chunk0032.wav,1,ml17_280a_0007,test
ml17_280a_0097_chunk0013.wav,1,ml17_280a_0097,test
ml17_280a_0139_chunk0061.wav,1,ml17_280a_0139,test
ml17_280a_0143_chunk0058.wav,1,ml17_280a_0143,test
ml17_280a_0044_chunk0027.wav,1,ml17_280a_0044,test
ml17_280a_0043_chunk0006.wav,1,ml17_280a_0043,test
ml17_280a_0130_chunk0013.wav,1,ml17_280a_0130,test
ml17_280a_0074_chunk0007.wav,1,ml17_280a_0074,test
ml17_280a_0081_chunk0062.wav,1,ml17_280a_0081,test
ml17_280a_0095_chunk0023.wav,1,ml17_280a_0095,test
ml17_280a_0083_chunk0057.wav,1,ml17_280a_0083,test
ml17_280a_0139_chunk0003.wav,1,ml17_280a_0139,test
ml17_280a_0170_chunk0009.wav,1,ml17_280a_0170,test
ml17_280a_0038_chunk0044.wav,1,ml17_280a_0038,test
ml17_280a_0173_chunk0021.wav,1,ml17_280a_0173,test
ml17_280a_0146_chunk0016.wav,1,ml17_280a_0146,test
ml17_280a_0069_chunk0042.wav,1,ml17_280a_0069,test
ml17_280a_0038_chunk0005.wav,1,ml17_280a_0038,test
ml17_280a_0138_chunk0002.wav,1,ml17_280a_0138,test
ml17_280a_0039_chunk0003.wav,1,ml17_280a_0039,test
ml17_280a_0147_chunk0001.wav,1,ml17_280a_0147,test
ml17_280a_0126_chunk0001.wav,0,ml17_280a_0126,test
ml17_280a_0161_chunk0001.wav,1,ml17_280a_0161,test
ml17_280a_0173_chunk0001.wav,1,ml17_280a_0173,test
ml17_280a_0070_chunk0008.wav,1,ml17_280a_0070,test
ml17_280a_0150_chunk0003.wav,1,ml17_280a_0150,test
ml17_280a_0008_chunk0006.wav,1,ml17_280a_0008,test
ml17_280a_0128_chunk0003.wav,1,ml17_280a_0128,test
ml17_280a_0039_chunk0042.wav,1,ml17_280a_0039,test
ml17_280a_0176_chunk0008.wav,1,ml17_280a_0176,test
ml17_280a_0039_chunk0034.wav,1,ml17_280a_0039,test
ml17_280a_0136_chunk0004.wav,1,ml17_280a_0136,test
ml17_280a_0173_chunk0010.wav,1,ml17_280a_0173,test
ml17_280a_0013_chunk0064.wav,1,ml17_280a_0013,test
ml17_280a_0039_chunk0025.wav,1,ml17_280a_0039,test
ml17_280a_0158_chunk0013.wav,1,ml17_280a_0158,test
ml17_280a_0099_chunk0054.wav,1,ml17_280a_0099,test
ml17_280a_0145_chunk0027.wav,1,ml17_280a_0145,test
ml17_280a_0083_chunk0063.wav,1,ml17_280a_0083,test
ml17_280a_0173_chunk0020.wav,1,ml17_280a_0173,test
ml17_280a_0137_chunk0041.wav,1,ml17_280a_0137,test
ml17_280a_0002_chunk0029.wav,1,ml17_280a_0002,test
ml17_280a_0154_chunk0026.wav,1,ml17_280a_0154,test
ml17_280a_0084_chunk0056.wav,1,ml17_280a_0084,test
ml17_280a_0038_chunk0009.wav,1,ml17_280a_0038,test
ml17_280a_0061_chunk0005.wav,1,ml17_280a_0061,test
ml17_280a_0074_chunk0001.wav,1,ml17_280a_0074,test
ml17_280a_0084_chunk0050.wav,1,ml17_280a_0084,test
ml17_280a_0140_chunk0036.wav,1,ml17_280a_0140,test
ml17_280a_0173_chunk0008.wav,1,ml17_280a_0173,test
ml17_280a_0095_chunk0041.wav,1,ml17_280a_0095,test
ml17_280a_0079_chunk0046.wav,1,ml17_280a_0079,test
ml17_280a_0129_chunk0000.wav,1,ml17_280a_0129,test
ml17_280a_0173_chunk0016.wav,1,ml17_280a_0173,test
ml17_280a_0141_chunk0056.wav,1,ml17_280a_0141,test
ml17_280a_0098_chunk0003.wav,0,ml17_280a_0098,test
ml17_280a_0019_chunk0020.wav,1,ml17_280a_0019,test
ml17_280a_0037_chunk0037.wav,1,ml17_280a_0037,test
ml17_280a_0176_chunk0007.wav,1,ml17_280a_0176,test
ml17_280a_0086_chunk0060.wav,1,ml17_280a_0086,test
ml17_280a_0110_chunk0013.wav,0,ml17_280a_0110,test
ml17_280a_0161_chunk0003.wav,1,ml17_280a_0161,test
ml17_280a_0111_chunk0036.wav,1,ml17_280a_0111,test
ml17_280a_0070_chunk0023.wav,1,ml17_280a_0070,test
ml17_280a_0077_chunk0054.wav,1,ml17_280a_0077,test
ml17_280a_0141_chunk0023.wav,1,ml17_280a_0141,test
ml17_280a_0095_chunk0014.wav,1,ml17_280a_0095,test
ml17_280a_0001_chunk0011.wav,1,ml17_280a_0001,test
ml17_280a_0137_chunk0008.wav,1,ml17_280a_0137,test
ml17_280a_0082_chunk0056.wav,1,ml17_280a_0082,test
ml17_280a_0170_chunk0005.wav,1,ml17_280a_0170,test
ml17_280a_0173_chunk0019.wav,1,ml17_280a_0173,test
ml17_280a_0141_chunk0002.wav,1,ml17_280a_0141,test
ml17_280a_0070_chunk0018.wav,1,ml17_280a_0070,test
ml17_280a_0167_chunk0035.wav,1,ml17_280a_0167,test
ml17_280a_0153_chunk0051.wav,1,ml17_280a_0153,test
ml17_280a_0019_chunk0038.wav,0,ml17_280a_0019,test
ml17_280a_0066_chunk0010.wav,1,ml17_280a_0066,test
ml17_280a_0075_chunk0006.wav,1,ml17_280a_0075,test
ml17_280a_0141_chunk0028.wav,1,ml17_280a_0141,test
ml17_280a_0095_chunk0024.wav,1,ml17_280a_0095,test
ml17_280a_0034_chunk0033.wav,1,ml17_280a_0034,test
ml17_280a_0069_chunk0052.wav,1,ml17_280a_0069,test
ml17_280a_0069_chunk0064.wav,1,ml17_280a_0069,test
ml17_280a_0039_chunk0059.wav,1,ml17_280a_0039,test
ml17_280a_0144_chunk0037.wav,1,ml17_280a_0144,test
ml17_280a_0168_chunk0007.wav,1,ml17_280a_0168,test
ml17_280a_0167_chunk0027.wav,1,ml17_280a_0167,test
ml17_280a_0096_chunk0001.wav,1,ml17_280a_0096,test
ml17_280a_0041_chunk0047.wav,1,ml17_280a_0041,test
ml17_280a_0154_chunk0060.wav,0,ml17_280a_0154,test
ml17_280a_0069_chunk0062.wav,1,ml17_280a_0069,test
ml17_280a_0126_chunk0051.wav,1,ml17_280a_0126,test
ml17_280a_0033_chunk0020.wav,1,ml17_280a_0033,test
ml17_280a_0173_chunk0023.wav,1,ml17_280a_0173,test
ml17_280a_0173_chunk0006.wav,1,ml17_280a_0173,test
ml17_280a_0098_chunk0032.wav,1,ml17_280a_0098,test
ml17_280a_0099_chunk0014.wav,1,ml17_280a_0099,test
ml17_280a_0084_chunk0052.wav,1,ml17_280a_0084,test
ml17_280a_0101_chunk0008.wav,1,ml17_280a_0101,test
ml17_280a_0100_chunk0010.wav,1,ml17_280a_0100,test
ml17_280a_0039_chunk0011.wav,1,ml17_280a_0039,test
ml17_280a_0038_chunk0054.wav,1,ml17_280a_0038,test
ml17_280a_0061_chunk0000.wav,1,ml17_280a_0061,test
ml17_280a_0141_chunk0042.wav,1,ml17_280a_0141,test
ml17_280a_0075_chunk0003.wav,1,ml17_280a_0075,test
ml17_280a_0135_chunk0026.wav,1,ml17_280a_0135,test
ml17_280a_0100_chunk0009.wav,1,ml17_280a_0100,test
ml17_280a_0142_chunk0022.wav,1,ml17_280a_0142,test
ml17_280a_0074_chunk0008.wav,1,ml17_280a_0074,test
ml17_280a_0151_chunk0001.wav,1,ml17_280a_0151,test
ml17_280a_0141_chunk0047.wav,1,ml17_280a_0141,test
ml17_280a_0086_chunk0064.wav,0,ml17_280a_0086,test
ml17_280a_0146_chunk0014.wav,1,ml17_280a_0146,test
ml17_280a_0006_chunk0012.wav,1,ml17_280a_0006,test
ml17_280a_0081_chunk0043.wav,1,ml17_280a_0081,test
ml17_280a_0098_chunk0034.wav,1,ml17_280a_0098,test
ml17_280a_0115_chunk0035.wav,1,ml17_280a_0115,test
ml17_280a_0039_chunk0004.wav,1,ml17_280a_0039,test
ml17_280a_0074_chunk0000.wav,1,ml17_280a_0074,test
ml17_280a_0140_chunk0034.wav,1,ml17_280a_0140,test
ml17_280a_0082_chunk0047.wav,1,ml17_280a_0082,test
ml17_280a_0156_chunk0013.wav,1,ml17_280a_0156,test
ml17_280a_0095_chunk0037.wav,1,ml17_280a_0095,test
ml17_280a_0115_chunk0040.wav,1,ml17_280a_0115,test
ml17_280a_0105_chunk0013.wav,1,ml17_280a_0105,test
ml17_280a_0115_chunk0037.wav,1,ml17_280a_0115,test
ml17_280a_0174_chunk0014.wav,1,ml17_280a_0174,test
ml17_280a_0137_chunk0029.wav,1,ml17_280a_0137,test
ml17_280a_0097_chunk0023.wav,1,ml17_280a_0097,test
ml17_280a_0166_chunk0045.wav,1,ml17_280a_0166,test
ml17_280a_0039_chunk0014.wav,1,ml17_280a_0039,test
ml17_280a_0172_chunk0011.wav,1,ml17_280a_0172,test
ml17_280a_0039_chunk0030.wav,1,ml17_280a_0039,test
ml17_280a_0144_chunk0035.wav,1,ml17_280a_0144,test
ml17_280a_0173_chunk0015.wav,1,ml17_280a_0173,test
ml17_280a_0015_chunk0007.wav,1,ml17_280a_0015,test
ml17_280a_0046_chunk0001.wav,0,ml17_280a_0046,test
ml17_280a_0039_chunk0027.wav,1,ml17_280a_0039,test
ml17_280a_0095_chunk0039.wav,1,ml17_280a_0095,test
ml17_280a_0167_chunk0018.wav,1,ml17_280a_0167,test
ml17_280a_0037_chunk0016.wav,1,ml17_280a_0037,test
ml17_280a_0096_chunk0033.wav,1,ml17_280a_0096,test
ml17_280a_0095_chunk0035.wav,1,ml17_280a_0095,test
ml17_280a_0147_chunk0005.wav,1,ml17_280a_0147,test
ml17_280a_0115_chunk0036.wav,1,ml17_280a_0115,test
ml17_280a_0142_chunk0040.wav,1,ml17_280a_0142,test
ml17_280a_0051_chunk0005.wav,1,ml17_280a_0051,test
ml17_280a_0136_chunk0011.wav,1,ml17_280a_0136,test
ml17_280a_0141_chunk0039.wav,1,ml17_280a_0141,test
ml17_280a_0143_chunk0026.wav,1,ml17_280a_0143,test
ml17_280a_0039_chunk0028.wav,1,ml17_280a_0039,test
ml17_280a_0080_chunk0011.wav,0,ml17_280a_0080,test
ml17_280a_0156_chunk0005.wav,1,ml17_280a_0156,test
ml17_280a_0115_chunk0053.wav,0,ml17_280a_0115,test
ml17_280a_0145_chunk0029.wav,1,ml17_280a_0145,test
ml17_280a_0155_chunk0012.wav,1,ml17_280a_0155,test
ml17_280a_0070_chunk0027.wav,1,ml17_280a_0070,test
ml17_280a_0083_chunk0062.wav,0,ml17_280a_0083,test
ml17_280a_0161_chunk0008.wav,1,ml17_280a_0161,test
ml17_280a_0070_chunk0017.wav,1,ml17_280a_0070,test
ml17_280a_0013_chunk0049.wav,0,ml17_280a_0013,test
ml17_280a_0143_chunk0063.wav,1,ml17_280a_0143,test
ml17_280a_0140_chunk0010.wav,1,ml17_280a_0140,test
ml17_280a_0038_chunk0043.wav,1,ml17_280a_0038,test
ml17_280a_0050_chunk0004.wav,1,ml17_280a_0050,test
ml17_280a_0101_chunk0003.wav,1,ml17_280a_0101,test
ml17_280a_0150_chunk0020.wav,1,ml17_280a_0150,test
ml17_280a_0167_chunk0013.wav,1,ml17_280a_0167,test
ml17_280a_0172_chunk0013.wav,1,ml17_280a_0172,test
ml17_280a_0169_chunk0005.wav,1,ml17_280a_0169,test
ml17_280a_0039_chunk0005.wav,1,ml17_280a_0039,test
ml17_280a_0036_chunk0043.wav,1,ml17_280a_0036,test
ml17_280a_0043_chunk0012.wav,1,ml17_280a_0043,test
ml17_280a_0084_chunk0044.wav,1,ml17_280a_0084,test
ml17_280a_0153_chunk0010.wav,1,ml17_280a_0153,test
ml17_280a_0174_chunk0002.wav,1,ml17_280a_0174,test
ml17_280a_0077_chunk0063.wav,1,ml17_280a_0077,test
ml17_280a_0075_chunk0008.wav,1,ml17_280a_0075,test
ml17_280a_0096_chunk0032.wav,1,ml17_280a_0096,test
ml17_280a_0144_chunk0043.wav,1,ml17_280a_0144,test
ml17_280a_0152_chunk0029.wav,1,ml17_280a_0152,test
ml17_280a_0083_chunk0005.wav,1,ml17_280a_0083,test
ml17_280a_0081_chunk0055.wav,1,ml17_280a_0081,test
ml17_280a_0142_chunk0001.wav,1,ml17_280a_0142,test
ml17_280a_0137_chunk0046.wav,1,ml17_280a_0137,test
ml17_280a_0156_chunk0015.wav,1,ml17_280a_0156,test
ml17_280a_0085_chunk0016.wav,1,ml17_280a_0085,test
ml17_280a_0034_chunk0056.wav,1,ml17_280a_0034,test
ml17_280a_0006_chunk0008.wav,1,ml17_280a_0006,test
ml17_280a_0144_chunk0001.wav,1,ml17_280a_0144,test
ml17_280a_0043_chunk0004.wav,1,ml17_280a_0043,test
ml17_280a_0140_chunk0009.wav,1,ml17_280a_0140,test
ml17_280a_0085_chunk0030.wav,1,ml17_280a_0085,test
ml17_280a_0141_chunk0029.wav,1,ml17_280a_0141,test
ml17_280a_0165_chunk0012.wav,1,ml17_280a_0165,test
ml17_280a_0141_chunk0032.wav,1,ml17_280a_0141,test
ml17_280a_0070_chunk0012.wav,1,ml17_280a_0070,test
ml17_280a_0084_chunk0027.wav,1,ml17_280a_0084,test
ml17_280a_0163_chunk0008.wav,1,ml17_280a_0163,test
ml17_280a_0167_chunk0017.wav,0,ml17_280a_0167,test
ml17_280a_0038_chunk0058.wav,1,ml17_280a_0038,test
ml17_280a_0039_chunk0032.wav,1,ml17_280a_0039,test
ml17_280a_0169_chunk0011.wav,1,ml17_280a_0169,test
ml17_280a_0154_chunk0053.wav,0,ml17_280a_0154,test
ml17_280a_0143_chunk0031.wav,1,ml17_280a_0143,test
ml17_280a_0022_chunk0065.wav,0,ml17_280a_0022,test
ml17_280a_0140_chunk0056.wav,1,ml17_280a_0140,test
ml17_280a_0118_chunk0050.wav,1,ml17_280a_0118,test
ml17_280a_0103_chunk0029.wav,1,ml17_280a_0103,test
ml17_280a_0103_chunk0000.wav,0,ml17_280a_0103,test
ml17_280a_0095_chunk0036.wav,1,ml17_280a_0095,test
ml17_280a_0163_chunk0031.wav,1,ml17_280a_0163,test
ml17_280a_0039_chunk0012.wav,1,ml17_280a_0039,test
ml17_280a_0096_chunk0030.wav,1,ml17_280a_0096,test
ml17_280a_0099_chunk0065.wav,1,ml17_280a_0099,test
ml17_280a_0144_chunk0044.wav,1,ml17_280a_0144,test
ml17_280a_0132_chunk0012.wav,1,ml17_280a_0132,test
ml17_280a_0175_chunk0001.wav,1,ml17_280a_0175,test
ml17_280a_0157_chunk0017.wav,1,ml17_280a_0157,test
ml17_280a_0131_chunk0015.wav,1,ml17_280a_0131,test
ml17_280a_0173_chunk0017.wav,1,ml17_280a_0173,test
ml17_280a_0161_chunk0010.wav,1,ml17_280a_0161,test
ml17_280a_0019_chunk0057.wav,1,ml17_280a_0019,test
ml17_280a_0151_chunk0003.wav,1,ml17_280a_0151,test
ml17_280a_0070_chunk0025.wav,1,ml17_280a_0070,test
ml17_280a_0066_chunk0005.wav,1,ml17_280a_0066,test
ml17_280a_0151_chunk0019.wav,1,ml17_280a_0151,test
ml17_280a_0038_chunk0045.wav,1,ml17_280a_0038,test
ml17_280a_0084_chunk0037.wav,1,ml17_280a_0084,test
ml17_280a_0125_chunk0063.wav,1,ml17_280a_0125,test
ml17_280a_0085_chunk0010.wav,1,ml17_280a_0085,test
ml17_280a_0095_chunk0009.wav,0,ml17_280a_0095,test
ml17_280a_0143_chunk0007.wav,1,ml17_280a_0143,test
ml17_280a_0162_chunk0031.wav,1,ml17_280a_0162,test
ml17_280a_0174_chunk0011.wav,1,ml17_280a_0174,test
ml17_280a_0176_chunk0013.wav,1,ml17_280a_0176,test
ml17_280a_0170_chunk0013.wav,1,ml17_280a_0170,test
ml17_280a_0141_chunk0018.wav,1,ml17_280a_0141,test
ml17_280a_0061_chunk0010.wav,1,ml17_280a_0061,test
ml17_280a_0143_chunk0033.wav,1,ml17_280a_0143,test
ml17_280a_0145_chunk0037.wav,1,ml17_280a_0145,test
ml17_280a_0153_chunk0003.wav,1,ml17_280a_0153,test
ml17_280a_0074_chunk0004.wav,1,ml17_280a_0074,test
ml17_280a_0019_chunk0058.wav,1,ml17_280a_0019,test
ml17_280a_0046_chunk0028.wav,0,ml17_280a_0046,test
ml17_280a_0075_chunk0009.wav,1,ml17_280a_0075,test
ml17_280a_0078_chunk0063.wav,1,ml17_280a_0078,test
ml17_280a_0084_chunk0029.wav,1,ml17_280a_0084,test
ml17_280a_0039_chunk0008.wav,1,ml17_280a_0039,test
ml17_280a_0135_chunk0012.wav,1,ml17_280a_0135,test
ml17_280a_0164_chunk0009.wav,1,ml17_280a_0164,test
ml17_280a_0039_chunk0007.wav,1,ml17_280a_0039,test
ml17_280a_0163_chunk0011.wav,1,ml17_280a_0163,test
ml17_280a_0098_chunk0049.wav,1,ml17_280a_0098,test
ml17_280a_0008_chunk0001.wav,1,ml17_280a_0008,test
ml17_280a_0074_chunk0005.wav,1,ml17_280a_0074,test
ml17_280a_0173_chunk0018.wav,1,ml17_280a_0173,test
ml17_280a_0099_chunk0009.wav,1,ml17_280a_0099,test
ml17_280a_0135_chunk0018.wav,1,ml17_280a_0135,test
ml17_280a_0117_chunk0045.wav,1,ml17_280a_0117,test
ml17_280a_0066_chunk0008.wav,1,ml17_280a_0066,test
ml17_280a_0111_chunk0034.wav,0,ml17_280a_0111,test
ml17_280a_0037_chunk0006.wav,1,ml17_280a_0037,test
ml17_280a_0117_chunk0026.wav,1,ml17_280a_0117,test
ml17_280a_0134_chunk0016.wav,1,ml17_280a_0134,test
ml17_280a_0033_chunk0033.wav,1,ml17_280a_0033,test
ml17_280a_0162_chunk0042.wav,1,ml17_280a_0162,test
ml17_280a_0095_chunk0044.wav,1,ml17_280a_0095,test
ml17_280a_0098_chunk0030.wav,1,ml17_280a_0098,test
ml17_280a_0139_chunk0014.wav,0,ml17_280a_0139,test
ml17_280a_0163_chunk0043.wav,1,ml17_280a_0163,test
ml17_280a_0050_chunk0012.wav,1,ml17_280a_0050,test
ml17_280a_0141_chunk0024.wav,1,ml17_280a_0141,test
ml17_280a_0176_chunk0004.wav,1,ml17_280a_0176,test
ml17_280a_0119_chunk0006.wav,0,ml17_280a_0119,test
ml17_280a_0070_chunk0005.wav,1,ml17_280a_0070,test
ml17_280a_0039_chunk0050.wav,1,ml17_280a_0039,test
ml17_280a_0167_chunk0036.wav,1,ml17_280a_0167,test
ml17_280a_0021_chunk0028.wav,0,ml17_280a_0021,test
ml17_280a_0085_chunk0058.wav,1,ml17_280a_0085,test
ml17_280a_0067_chunk0004.wav,1,ml17_280a_0067,test
ml17_280a_0119_chunk0037.wav,1,ml17_280a_0119,test
ml17_280a_0138_chunk0001.wav,1,ml17_280a_0138,test
ml17_280a_0166_chunk0040.wav,1,ml17_280a_0166,test
ml17_280a_0046_chunk0052.wav,1,ml17_280a_0046,test
ml17_280a_0150_chunk0005.wav,1,ml17_280a_0150,test
ml17_280a_0141_chunk0064.wav,1,ml17_280a_0141,test
ml17_280a_0085_chunk0063.wav,1,ml17_280a_0085,test
ml17_280a_0095_chunk0022.wav,1,ml17_280a_0095,test
ml17_280a_0098_chunk0006.wav,1,ml17_280a_0098,test
ml17_280a_0083_chunk0060.wav,0,ml17_280a_0083,test
ml17_280a_0161_chunk0006.wav,1,ml17_280a_0161,test
ml17_280a_0086_chunk0041.wav,1,ml17_280a_0086,test
ml17_280a_0162_chunk0035.wav,1,ml17_280a_0162,test
ml17_280a_0163_chunk0025.wav,1,ml17_280a_0163,test
ml17_280a_0139_chunk0013.wav,1,ml17_280a_0139,test
ml17_280a_0131_chunk0013.wav,1,ml17_280a_0131,test
ml17_280a_0163_chunk0029.wav,1,ml17_280a_0163,test
ml17_280a_0170_chunk0019.wav,1,ml17_280a_0170,test
ml17_280a_0013_chunk0058.wav,0,ml17_280a_0013,test
ml17_280a_0039_chunk0056.wav,1,ml17_280a_0039,test
ml17_280a_0148_chunk0006.wav,1,ml17_280a_0148,test
ml17_280a_0038_chunk0042.wav,1,ml17_280a_0038,test
ml17_280a_0037_chunk0035.wav,1,ml17_280a_0037,test
ml17_280a_0150_chunk0014.wav,1,ml17_280a_0150,test
ml17_280a_0099_chunk0011.wav,1,ml17_280a_0099,test
ml17_280a_0167_chunk0040.wav,0,ml17_280a_0167,test
ml17_280a_0150_chunk0017.wav,1,ml17_280a_0150,test
ml17_280a_0136_chunk0009.wav,1,ml17_280a_0136,test
ml17_280a_0019_chunk0011.wav,1,ml17_280a_0019,test
ml17_280a_0143_chunk0041.wav,1,ml17_280a_0143,test
ml17_280a_0127_chunk0036.wav,0,ml17_280a_0127,test
ml17_280a_0175_chunk0003.wav,1,ml17_280a_0175,test
ml17_280a_0039_chunk0029.wav,1,ml17_280a_0039,test
ml17_280a_0015_chunk0014.wav,1,ml17_280a_0015,test
ml17_280a_0167_chunk0006.wav,1,ml17_280a_0167,test
ml17_280a_0095_chunk0050.wav,1,ml17_280a_0095,test
ml17_280a_0175_chunk0004.wav,1,ml17_280a_0175,test
ml17_280a_0140_chunk0026.wav,1,ml17_280a_0140,test
ml17_280a_0139_chunk0024.wav,1,ml17_280a_0139,test
ml17_280a_0139_chunk0058.wav,1,ml17_280a_0139,test
ml17_280a_0050_chunk0010.wav,1,ml17_280a_0050,test
ml17_280a_0164_chunk0026.wav,1,ml17_280a_0164,test
ml17_280a_0095_chunk0048.wav,1,ml17_280a_0095,test
ml17_280a_0107_chunk0003.wav,1,ml17_280a_0107,test
ml17_280a_0147_chunk0009.wav,1,ml17_280a_0147,test
ml17_280a_0153_chunk0009.wav,0,ml17_280a_0153,test
ml17_280a_0038_chunk0010.wav,1,ml17_280a_0038,test
ml17_280a_0131_chunk0010.wav,1,ml17_280a_0131,test
ml17_280a_0083_chunk0040.wav,1,ml17_280a_0083,test
ml17_280a_0104_chunk0041.wav,1,ml17_280a_0104,test
ml17_280a_0018_chunk0014.wav,1,ml17_280a_0018,test
ml17_280a_0013_chunk0016.wav,1,ml17_280a_0013,test
ml17_280a_0070_chunk0051.wav,1,ml17_280a_0070,test
ml17_280a_0019_chunk0021.wav,1,ml17_280a_0019,test
ml17_280a_0097_chunk0004.wav,0,ml17_280a_0097,test
ml17_280a_0038_chunk0027.wav,1,ml17_280a_0038,test
ml17_280a_0064_chunk0038.wav,0,ml17_280a_0064,test
ml17_280a_0027_chunk0011.wav,1,ml17_280a_0027,test
ml17_280a_0005_chunk0021.wav,1,ml17_280a_0005,test
ml17_280a_0084_chunk0020.wav,1,ml17_280a_0084,test
ml17_280a_0022_chunk0023.wav,1,ml17_280a_0022,test
ml17_280a_0166_chunk0032.wav,1,ml17_280a_0166,test
ml17_280a_0007_chunk0002.wav,0,ml17_280a_0007,test
ml17_280a_0131_chunk0009.wav,1,ml17_280a_0131,test
ml17_280a_0164_chunk0023.wav,0,ml17_280a_0164,test
ml17_280a_0021_chunk0022.wav,0,ml17_280a_0021,test
ml17_280a_0002_chunk0020.wav,0,ml17_280a_0002,test
ml17_280a_0027_chunk0051.wav,0,ml17_280a_0027,test
ml17_280a_0095_chunk0013.wav,0,ml17_280a_0095,test
ml17_280a_0015_chunk0019.wav,0,ml17_280a_0015,test
ml17_280a_0119_chunk0035.wav,1,ml17_280a_0119,test
ml17_280a_0001_chunk0005.wav,0,ml17_280a_0001,test
ml17_280a_0086_chunk0004.wav,0,ml17_280a_0086,test
ml17_280a_0119_chunk0034.wav,0,ml17_280a_0119,test
ml17_280a_0104_chunk0020.wav,0,ml17_280a_0104,test
ml17_280a_0152_chunk0035.wav,1,ml17_280a_0152,test
ml17_280a_0077_chunk0061.wav,0,ml17_280a_0077,test
ml17_280a_0002_chunk0042.wav,0,ml17_280a_0002,test
ml17_280a_0145_chunk0022.wav,0,ml17_280a_0145,test
ml17_280a_0013_chunk0054.wav,0,ml17_280a_0013,test
ml17_280a_0176_chunk0006.wav,0,ml17_280a_0176,test
ml17_280a_0084_chunk0010.wav,0,ml17_280a_0084,test
ml17_280a_0084_chunk0024.wav,1,ml17_280a_0084,test
ml17_280a_0175_chunk0011.wav,0,ml17_280a_0175,test
ml17_280a_0140_chunk0048.wav,1,ml17_280a_0140,test
ml17_280a_0137_chunk0021.wav,0,ml17_280a_0137,test
ml17_280a_0071_chunk0024.wav,1,ml17_280a_0071,test
ml17_280a_0082_chunk0009.wav,1,ml17_280a_0082,test
ml17_280a_0140_chunk0029.wav,1,ml17_280a_0140,test
ml17_280a_0126_chunk0048.wav,1,ml17_280a_0126,test
ml17_280a_0127_chunk0017.wav,1,ml17_280a_0127,test
ml17_280a_0084_chunk0016.wav,0,ml17_280a_0084,test
ml17_280a_0162_chunk0038.wav,1,ml17_280a_0162,test
ml17_280a_0141_chunk0025.wav,1,ml17_280a_0141,test
ml17_280a_0015_chunk0013.wav,0,ml17_280a_0015,test
ml17_280a_0132_chunk0010.wav,0,ml17_280a_0132,test
ml17_280a_0096_chunk0007.wav,1,ml17_280a_0096,test
ml17_280a_0141_chunk0046.wav,0,ml17_280a_0141,test
ml17_280a_0152_chunk0024.wav,1,ml17_280a_0152,test
ml17_280a_0142_chunk0014.wav,1,ml17_280a_0142,test
ml17_280a_0098_chunk0002.wav,0,ml17_280a_0098,test
ml17_280a_0140_chunk0018.wav,0,ml17_280a_0140,test
ml17_280a_0163_chunk0013.wav,1,ml17_280a_0163,test
ml17_280a_0153_chunk0038.wav,0,ml17_280a_0153,test
ml17_280a_0104_chunk0058.wav,0,ml17_280a_0104,test
ml17_280a_0166_chunk0019.wav,0,ml17_280a_0166,test
ml17_280a_0141_chunk0045.wav,1,ml17_280a_0141,test
ml17_280a_0072_chunk0052.wav,0,ml17_280a_0072,test
ml17_280a_0152_chunk0033.wav,1,ml17_280a_0152,test
ml17_280a_0070_chunk0054.wav,1,ml17_280a_0070,test
ml17_280a_0021_chunk0008.wav,0,ml17_280a_0021,test
ml17_280a_0163_chunk0023.wav,1,ml17_280a_0163,test
ml17_280a_0141_chunk0006.wav,0,ml17_280a_0141,test
ml17_280a_0139_chunk0050.wav,0,ml17_280a_0139,test
ml17_280a_0006_chunk0051.wav,1,ml17_280a_0006,test
ml17_280a_0019_chunk0015.wav,0,ml17_280a_0019,test
ml17_280a_0139_chunk0053.wav,1,ml17_280a_0139,test
ml17_280a_0153_chunk0042.wav,0,ml17_280a_0153,test
ml17_280a_0086_chunk0006.wav,0,ml17_280a_0086,test
ml17_280a_0142_chunk0021.wav,0,ml17_280a_0142,test
ml17_280a_0145_chunk0019.wav,1,ml17_280a_0145,test
ml17_280a_0077_chunk0034.wav,0,ml17_280a_0077,test
ml17_280a_0078_chunk0050.wav,0,ml17_280a_0078,test
ml17_280a_0137_chunk0034.wav,1,ml17_280a_0137,test
ml17_280a_0019_chunk0029.wav,1,ml17_280a_0019,test
ml17_280a_0085_chunk0012.wav,0,ml17_280a_0085,test
ml17_280a_0142_chunk0002.wav,1,ml17_280a_0142,test
ml17_280a_0166_chunk0044.wav,0,ml17_280a_0166,test
ml17_280a_0165_chunk0039.wav,1,ml17_280a_0165,test
ml17_280a_0032_chunk0004.wav,0,ml17_280a_0032,test
ml17_280a_0007_chunk0031.wav,0,ml17_280a_0007,test
ml17_280a_0046_chunk0047.wav,0,ml17_280a_0046,test
ml17_280a_0117_chunk0044.wav,0,ml17_280a_0117,test
ml17_280a_0144_chunk0024.wav,1,ml17_280a_0144,test
ml17_280a_0109_chunk0000.wav,0,ml17_280a_0109,test
ml17_280a_0106_chunk0005.wav,0,ml17_280a_0106,test
ml17_280a_0093_chunk0065.wav,1,ml17_280a_0093,test
ml17_280a_0036_chunk0021.wav,0,ml17_280a_0036,test
ml17_280a_0080_chunk0002.wav,0,ml17_280a_0080,test
ml17_280a_0140_chunk0058.wav,0,ml17_280a_0140,test
ml17_280a_0153_chunk0062.wav,0,ml17_280a_0153,test
ml17_280a_0006_chunk0047.wav,0,ml17_280a_0006,test
ml17_280a_0003_chunk0030.wav,0,ml17_280a_0003,test
ml17_280a_0140_chunk0052.wav,0,ml17_280a_0140,test
ml17_280a_0141_chunk0060.wav,1,ml17_280a_0141,test
ml17_280a_0011_chunk0012.wav,0,ml17_280a_0011,test
ml17_280a_0140_chunk0019.wav,1,ml17_280a_0140,test
ml17_280a_0137_chunk0039.wav,1,ml17_280a_0137,test
ml17_280a_0019_chunk0052.wav,0,ml17_280a_0019,test
ml17_280a_0126_chunk0005.wav,0,ml17_280a_0126,test
ml17_280a_0032_chunk0022.wav,0,ml17_280a_0032,test
ml17_280a_0069_chunk0037.wav,0,ml17_280a_0069,test
ml17_280a_0176_chunk0000.wav,0,ml17_280a_0176,test
ml17_280a_0159_chunk0007.wav,0,ml17_280a_0159,test
ml17_280a_0159_chunk0013.wav,1,ml17_280a_0159,test
ml17_280a_0117_chunk0061.wav,0,ml17_280a_0117,test
ml17_280a_0143_chunk0009.wav,1,ml17_280a_0143,test
ml17_280a_0069_chunk0005.wav,0,ml17_280a_0069,test
ml17_280a_0007_chunk0027.wav,0,ml17_280a_0007,test
ml17_280a_0164_chunk0012.wav,1,ml17_280a_0164,test
ml17_280a_0007_chunk0023.wav,0,ml17_280a_0007,test
ml17_280a_0008_chunk0011.wav,0,ml17_280a_0008,test
ml17_280a_0115_chunk0046.wav,0,ml17_280a_0115,test
ml17_280a_0030_chunk0010.wav,0,ml17_280a_0030,test
ml17_280a_0125_chunk0000.wav,0,ml17_280a_0125,test
ml17_280a_0041_chunk0001.wav,0,ml17_280a_0041,test
ml17_280a_0069_chunk0007.wav,0,ml17_280a_0069,test
ml17_280a_0152_chunk0032.wav,0,ml17_280a_0152,test
ml17_280a_0126_chunk0047.wav,0,ml17_280a_0126,test
ml17_280a_0152_chunk0045.wav,0,ml17_280a_0152,test
ml17_280a_0019_chunk0041.wav,0,ml17_280a_0019,test
ml17_280a_0167_chunk0025.wav,1,ml17_280a_0167,test
ml17_280a_0142_chunk0004.wav,1,ml17_280a_0142,test
ml17_280a_0117_chunk0051.wav,0,ml17_280a_0117,test
ml17_280a_0110_chunk0040.wav,0,ml17_280a_0110,test
ml17_280a_0095_chunk0064.wav,0,ml17_280a_0095,test
ml17_280a_0175_chunk0014.wav,0,ml17_280a_0175,test
ml17_280a_0033_chunk0009.wav,0,ml17_280a_0033,test
ml17_280a_0080_chunk0014.wav,1,ml17_280a_0080,test
ml17_280a_0098_chunk0010.wav,0,ml17_280a_0098,test
ml17_280a_0008_chunk0003.wav,0,ml17_280a_0008,test
ml17_280a_0033_chunk0001.wav,0,ml17_280a_0033,test
ml17_280a_0032_chunk0001.wav,0,ml17_280a_0032,test
ml17_280a_0038_chunk0056.wav,0,ml17_280a_0038,test
ml17_280a_0072_chunk0059.wav,0,ml17_280a_0072,test
ml17_280a_0137_chunk0042.wav,0,ml17_280a_0137,test
ml17_280a_0085_chunk0031.wav,0,ml17_280a_0085,test
ml17_280a_0140_chunk0023.wav,1,ml17_280a_0140,test
ml17_280a_0164_chunk0018.wav,1,ml17_280a_0164,test
ml17_280a_0135_chunk0005.wav,0,ml17_280a_0135,test
ml17_280a_0072_chunk0063.wav,0,ml17_280a_0072,test
ml17_280a_0155_chunk0005.wav,0,ml17_280a_0155,test
ml17_280a_0104_chunk0063.wav,0,ml17_280a_0104,test
ml17_280a_0082_chunk0061.wav,0,ml17_280a_0082,test
ml17_280a_0033_chunk0005.wav,0,ml17_280a_0033,test
ml17_280a_0156_chunk0003.wav,0,ml17_280a_0156,test
ml17_280a_0140_chunk0051.wav,0,ml17_280a_0140,test
ml17_280a_0032_chunk0000.wav,1,ml17_280a_0032,test
ml17_280a_0131_chunk0001.wav,0,ml17_280a_0131,test
ml17_280a_0149_chunk0017.wav,0,ml17_280a_0149,test
ml17_280a_0164_chunk0049.wav,0,ml17_280a_0164,test
ml17_280a_0086_chunk0007.wav,0,ml17_280a_0086,test
ml17_280a_0140_chunk0064.wav,0,ml17_280a_0140,test
ml17_280a_0085_chunk0000.wav,0,ml17_280a_0085,test
ml17_280a_0080_chunk0040.wav,0,ml17_280a_0080,test
ml17_280a_0115_chunk0029.wav,0,ml17_280a_0115,test
ml17_280a_0176_chunk0019.wav,0,ml17_280a_0176,test
ml17_280a_0006_chunk0006.wav,1,ml17_280a_0006,test
ml17_280a_0143_chunk0003.wav,1,ml17_280a_0143,test
ml17_280a_0097_chunk0014.wav,0,ml17_280a_0097,test
ml17_280a_0128_chunk0011.wav,0,ml17_280a_0128,test
ml17_280a_0144_chunk0033.wav,0,ml17_280a_0144,test
ml17_280a_0036_chunk0059.wav,0,ml17_280a_0036,test
ml17_280a_0167_chunk0052.wav,0,ml17_280a_0167,test
ml17_280a_0139_chunk0009.wav,0,ml17_280a_0139,test
ml17_280a_0106_chunk0044.wav,1,ml17_280a_0106,test
ml17_280a_0084_chunk0031.wav,0,ml17_280a_0084,test
ml17_280a_0033_chunk0027.wav,0,ml17_280a_0033,test
ml17_280a_0067_chunk0002.wav,0,ml17_280a_0067,test
ml17_280a_0145_chunk0056.wav,0,ml17_280a_0145,test
ml17_280a_0145_chunk0002.wav,1,ml17_280a_0145,test
ml17_280a_0037_chunk0028.wav,0,ml17_280a_0037,test
ml17_280a_0137_chunk0040.wav,1,ml17_280a_0137,test
ml17_280a_0175_chunk0021.wav,0,ml17_280a_0175,test
ml17_280a_0163_chunk0001.wav,0,ml17_280a_0163,test
ml17_280a_0142_chunk0024.wav,1,ml17_280a_0142,test
ml17_280a_0123_chunk0004.wav,0,ml17_280a_0123,test
ml17_280a_0154_chunk0039.wav,0,ml17_280a_0154,test
ml17_280a_0037_chunk0004.wav,1,ml17_280a_0037,test
ml17_280a_0103_chunk0005.wav,0,ml17_280a_0103,test
ml17_280a_0006_chunk0028.wav,1,ml17_280a_0006,test
ml17_280a_0041_chunk0003.wav,0,ml17_280a_0041,test
ml17_280a_0139_chunk0060.wav,1,ml17_280a_0139,test
ml17_280a_0040_chunk0005.wav,0,ml17_280a_0040,test
ml17_280a_0030_chunk0000.wav,1,ml17_280a_0030,test
ml17_280a_0002_chunk0052.wav,0,ml17_280a_0002,test
ml17_280a_0146_chunk0000.wav,1,ml17_280a_0146,test
ml17_280a_0150_chunk0022.wav,0,ml17_280a_0150,test
ml17_280a_0038_chunk0061.wav,1,ml17_280a_0038,test
ml17_280a_0085_chunk0060.wav,0,ml17_280a_0085,test
ml17_280a_0034_chunk0041.wav,0,ml17_280a_0034,test
ml17_280a_0038_chunk0052.wav,0,ml17_280a_0038,test
ml17_280a_0015_chunk0006.wav,0,ml17_280a_0015,test
ml17_280a_0139_chunk0001.wav,0,ml17_280a_0139,test
ml17_280a_0101_chunk0007.wav,1,ml17_280a_0101,test
ml17_280a_0164_chunk0044.wav,0,ml17_280a_0164,test
ml17_280a_0174_chunk0010.wav,0,ml17_280a_0174,test
ml17_280a_0018_chunk0004.wav,0,ml17_280a_0018,test
ml17_280a_0131_chunk0011.wav,0,ml17_280a_0131,test
ml17_280a_0103_chunk0043.wav,0,ml17_280a_0103,test
ml17_280a_0038_chunk0018.wav,0,ml17_280a_0038,test
ml17_280a_0153_chunk0055.wav,1,ml17_280a_0153,test
ml17_280a_0101_chunk0024.wav,0,ml17_280a_0101,test
ml17_280a_0006_chunk0009.wav,0,ml17_280a_0006,test
ml17_280a_0005_chunk0034.wav,0,ml17_280a_0005,test
ml17_280a_0032_chunk0020.wav,0,ml17_280a_0032,test
ml17_280a_0165_chunk0029.wav,0,ml17_280a_0165,test
ml17_280a_0157_chunk0000.wav,0,ml17_280a_0157,test
ml17_280a_0123_chunk0003.wav,0,ml17_280a_0123,test
ml17_280a_0033_chunk0028.wav,1,ml17_280a_0033,test
ml17_280a_0164_chunk0059.wav,0,ml17_280a_0164,test
ml17_280a_0058_chunk0030.wav,0,ml17_280a_0058,test
ml17_280a_0137_chunk0036.wav,1,ml17_280a_0137,test
ml17_280a_0142_chunk0036.wav,1,ml17_280a_0142,test
ml17_280a_0166_chunk0012.wav,0,ml17_280a_0166,test
ml17_280a_0032_chunk0050.wav,0,ml17_280a_0032,test
ml17_280a_0037_chunk0022.wav,0,ml17_280a_0037,test
ml17_280a_0090_chunk0015.wav,0,ml17_280a_0090,test
ml17_280a_0117_chunk0004.wav,0,ml17_280a_0117,test
ml17_280a_0071_chunk0028.wav,0,ml17_280a_0071,test
ml17_280a_0147_chunk0007.wav,1,ml17_280a_0147,test
ml17_280a_0141_chunk0038.wav,1,ml17_280a_0141,test
ml17_280a_0108_chunk0001.wav,0,ml17_280a_0108,test
ml17_280a_0011_chunk0042.wav,0,ml17_280a_0011,test
ml17_280a_0129_chunk0001.wav,0,ml17_280a_0129,test
ml17_280a_0109_chunk0008.wav,1,ml17_280a_0109,test
ml17_280a_0025_chunk0004.wav,0,ml17_280a_0025,test
ml17_280a_0126_chunk0035.wav,0,ml17_280a_0126,test
ml17_280a_0069_chunk0057.wav,0,ml17_280a_0069,test
ml17_280a_0007_chunk0020.wav,0,ml17_280a_0007,test
ml17_280a_0037_chunk0011.wav,0,ml17_280a_0037,test
ml17_280a_0109_chunk0003.wav,0,ml17_280a_0109,test
ml17_280a_0134_chunk0011.wav,0,ml17_280a_0134,test
ml17_280a_0145_chunk0010.wav,0,ml17_280a_0145,test
ml17_280a_0071_chunk0005.wav,0,ml17_280a_0071,test
ml17_280a_0007_chunk0009.wav,0,ml17_280a_0007,test
ml17_280a_0125_chunk0026.wav,0,ml17_280a_0125,test
ml17_280a_0038_chunk0026.wav,0,ml17_280a_0038,test
ml17_280a_0005_chunk0065.wav,0,ml17_280a_0005,test
ml17_280a_0164_chunk0022.wav,0,ml17_280a_0164,test
ml17_280a_0064_chunk0039.wav,1,ml17_280a_0064,test
ml17_280a_0038_chunk0012.wav,0,ml17_280a_0038,test
ml17_280a_0039_chunk0066.wav,0,ml17_280a_0039,test
ml17_280a_0005_chunk0054.wav,0,ml17_280a_0005,test
ml17_280a_0174_chunk0012.wav,0,ml17_280a_0174,test
ml17_280a_0131_chunk0005.wav,0,ml17_280a_0131,test
ml17_280a_0156_chunk0002.wav,0,ml17_280a_0156,test
ml17_280a_0034_chunk0032.wav,0,ml17_280a_0034,test
ml17_280a_0145_chunk0003.wav,0,ml17_280a_0145,test
ml17_280a_0128_chunk0009.wav,0,ml17_280a_0128,test
ml17_280a_0156_chunk0000.wav,0,ml17_280a_0156,test
ml17_280a_0115_chunk0042.wav,1,ml17_280a_0115,test
ml17_280a_0105_chunk0009.wav,0,ml17_280a_0105,test
ml17_280a_0167_chunk0057.wav,0,ml17_280a_0167,test
ml17_280a_0164_chunk0016.wav,0,ml17_280a_0164,test
ml17_280a_0139_chunk0045.wav,1,ml17_280a_0139,test
ml17_280a_0051_chunk0001.wav,0,ml17_280a_0051,test
ml17_280a_0166_chunk0047.wav,0,ml17_280a_0166,test
ml17_280a_0019_chunk0056.wav,0,ml17_280a_0019,test
ml17_280a_0025_chunk0044.wav,0,ml17_280a_0025,test
ml17_280a_0079_chunk0036.wav,0,ml17_280a_0079,test
ml17_280a_0129_chunk0065.wav,1,ml17_280a_0129,test
ml17_280a_0072_chunk0010.wav,0,ml17_280a_0072,test
ml17_280a_0072_chunk0041.wav,0,ml17_280a_0072,test
ml17_280a_0154_chunk0001.wav,0,ml17_280a_0154,test
ml17_280a_0037_chunk0014.wav,0,ml17_280a_0037,test
ml17_280a_0104_chunk0010.wav,0,ml17_280a_0104,test
ml17_280a_0041_chunk0004.wav,0,ml17_280a_0041,test
ml17_280a_0032_chunk0002.wav,0,ml17_280a_0032,test
ml17_280a_0072_chunk0004.wav,0,ml17_280a_0072,test
ml17_280a_0135_chunk0020.wav,0,ml17_280a_0135,test
ml17_280a_0025_chunk0053.wav,0,ml17_280a_0025,test
ml17_280a_0078_chunk0058.wav,1,ml17_280a_0078,test
ml17_280a_0037_chunk0019.wav,0,ml17_280a_0037,test
ml17_280a_0110_chunk0059.wav,0,ml17_280a_0110,test
ml17_280a_0098_chunk0042.wav,0,ml17_280a_0098,test
ml17_280a_0013_chunk0024.wav,1,ml17_280a_0013,test
ml17_280a_0038_chunk0065.wav,0,ml17_280a_0038,test
ml17_280a_0145_chunk0040.wav,0,ml17_280a_0145,test
ml17_280a_0032_chunk0056.wav,0,ml17_280a_0032,test
ml17_280a_0129_chunk0024.wav,0,ml17_280a_0129,test
ml17_280a_0146_chunk0052.wav,0,ml17_280a_0146,test
ml17_280a_0072_chunk0066.wav,0,ml17_280a_0072,test
ml17_280a_0108_chunk0004.wav,1,ml17_280a_0108,test
ml17_280a_0163_chunk0012.wav,0,ml17_280a_0163,test
ml17_280a_0032_chunk0048.wav,0,ml17_280a_0032,test
ml17_280a_0002_chunk0046.wav,0,ml17_280a_0002,test
ml17_280a_0041_chunk0061.wav,0,ml17_280a_0041,test
ml17_280a_0032_chunk0045.wav,0,ml17_280a_0032,test
ml17_280a_0006_chunk0044.wav,0,ml17_280a_0006,test
ml17_280a_0107_chunk0000.wav,0,ml17_280a_0107,test
ml17_280a_0050_chunk0000.wav,0,ml17_280a_0050,test
ml17_280a_0166_chunk0030.wav,0,ml17_280a_0166,test
ml17_280a_0019_chunk0007.wav,0,ml17_280a_0019,test
ml17_280a_0125_chunk0059.wav,0,ml17_280a_0125,test
ml17_280a_0032_chunk0008.wav,0,ml17_280a_0032,test
ml17_280a_0142_chunk0061.wav,0,ml17_280a_0142,test
ml17_280a_0013_chunk0037.wav,0,ml17_280a_0013,test
ml17_280a_0105_chunk0004.wav,0,ml17_280a_0105,test
ml17_280a_0006_chunk0004.wav,0,ml17_280a_0006,test
ml17_280a_0046_chunk0042.wav,0,ml17_280a_0046,test
ml17_280a_0033_chunk0031.wav,0,ml17_280a_0033,test
ml17_280a_0072_chunk0061.wav,0,ml17_280a_0072,test
ml17_280a_0153_chunk0019.wav,0,ml17_280a_0153,test
ml17_280a_0135_chunk0004.wav,0,ml17_280a_0135,test
ml17_280a_0131_chunk0006.wav,0,ml17_280a_0131,test
ml17_280a_0067_chunk0005.wav,0,ml17_280a_0067,test
ml17_280a_0011_chunk0025.wav,0,ml17_280a_0011,test
ml17_280a_0129_chunk0018.wav,0,ml17_280a_0129,test
ml17_280a_0066_chunk0003.wav,0,ml17_280a_0066,test
ml17_280a_0069_chunk0001.wav,1,ml17_280a_0069,test
ml17_280a_0138_chunk0005.wav,0,ml17_280a_0138,test
ml17_280a_0145_chunk0053.wav,0,ml17_280a_0145,test
ml17_280a_0162_chunk0062.wav,0,ml17_280a_0162,test
ml17_280a_0006_chunk0001.wav,0,ml17_280a_0006,test
ml17_280a_0046_chunk0022.wav,0,ml17_280a_0046,test
ml17_280a_0118_chunk0059.wav,0,ml17_280a_0118,test
ml17_280a_0095_chunk0017.wav,0,ml17_280a_0095,test
ml17_280a_0093_chunk0010.wav,0,ml17_280a_0093,test
ml17_280a_0111_chunk0027.wav,0,ml17_280a_0111,test
ml17_280a_0032_chunk0026.wav,0,ml17_280a_0032,test
ml17_280a_0015_chunk0001.wav,0,ml17_280a_0015,test
ml17_280a_0005_chunk0032.wav,0,ml17_280a_0005,test
ml17_280a_0071_chunk0025.wav,0,ml17_280a_0071,test
ml17_280a_0077_chunk0002.wav,0,ml17_280a_0077,test
ml17_280a_0127_chunk0021.wav,0,ml17_280a_0127,test
ml17_280a_0090_chunk0010.wav,0,ml17_280a_0090,test
ml17_280a_0034_chunk0030.wav,0,ml17_280a_0034,test
ml17_280a_0005_chunk0020.wav,0,ml17_280a_0005,test
ml17_280a_0071_chunk0056.wav,0,ml17_280a_0071,test
ml17_280a_0005_chunk0053.wav,1,ml17_280a_0005,test
ml17_280a_0011_chunk0065.wav,0,ml17_280a_0011,test
ml17_280a_0096_chunk0029.wav,1,ml17_280a_0096,test
ml17_280a_0085_chunk0048.wav,0,ml17_280a_0085,test
ml17_280a_0072_chunk0008.wav,1,ml17_280a_0072,test
ml17_280a_0011_chunk0006.wav,0,ml17_280a_0011,test
ml17_280a_0130_chunk0005.wav,0,ml17_280a_0130,test
ml17_280a_0077_chunk0056.wav,0,ml17_280a_0077,test
ml17_280a_0032_chunk0053.wav,0,ml17_280a_0032,test
ml17_280a_0019_chunk0013.wav,0,ml17_280a_0019,test
ml17_280a_0149_chunk0000.wav,0,ml17_280a_0149,test
ml17_280a_0104_chunk0005.wav,0,ml17_280a_0104,test
ml17_280a_0004_chunk0000.wav,1,ml17_280a_0004,test
ml17_280a_0019_chunk0051.wav,0,ml17_280a_0019,test
ml17_280a_0072_chunk0047.wav,0,ml17_280a_0072,test
ml17_280a_0093_chunk0061.wav,0,ml17_280a_0093,test
ml17_280a_0032_chunk0063.wav,0,ml17_280a_0032,test
ml17_280a_0164_chunk0027.wav,1,ml17_280a_0164,test
ml17_280a_0157_chunk0002.wav,0,ml17_280a_0157,test
ml17_280a_0129_chunk0040.wav,0,ml17_280a_0129,test
ml17_280a_0033_chunk0049.wav,0,ml17_280a_0033,test
ml17_280a_0123_chunk0007.wav,0,ml17_280a_0123,test
ml17_280a_0106_chunk0017.wav,1,ml17_280a_0106,test
ml17_280a_0125_chunk0012.wav,0,ml17_280a_0125,test
ml17_280a_0036_chunk0051.wav,0,ml17_280a_0036,test
ml17_280a_0093_chunk0021.wav,0,ml17_280a_0093,test
ml17_280a_0128_chunk0013.wav,0,ml17_280a_0128,test
ml17_280a_0135_chunk0007.wav,0,ml17_280a_0135,test
ml17_280a_0080_chunk0039.wav,0,ml17_280a_0080,test
ml17_280a_0108_chunk0000.wav,0,ml17_280a_0108,test
ml17_280a_0095_chunk0006.wav,1,ml17_280a_0095,test
ml17_280a_0118_chunk0042.wav,0,ml17_280a_0118,test
ml17_280a_0021_chunk0011.wav,1,ml17_280a_0021,test
ml17_280a_0154_chunk0007.wav,0,ml17_280a_0154,test
ml17_280a_0134_chunk0004.wav,0,ml17_280a_0134,test
ml17_280a_0123_chunk0008.wav,0,ml17_280a_0123,test
ml17_280a_0046_chunk0024.wav,0,ml17_280a_0046,test
ml17_280a_0104_chunk0062.wav,0,ml17_280a_0104,test
ml17_280a_0019_chunk0024.wav,0,ml17_280a_0019,test
ml17_280a_0152_chunk0063.wav,0,ml17_280a_0152,test
ml17_280a_0135_chunk0010.wav,0,ml17_280a_0135,test
ml17_280a_0140_chunk0043.wav,0,ml17_280a_0140,test
ml17_280a_0158_chunk0005.wav,0,ml17_280a_0158,test
ml17_280a_0071_chunk0040.wav,0,ml17_280a_0071,test
ml17_280a_0129_chunk0014.wav,0,ml17_280a_0129,test
ml17_280a_0044_chunk0019.wav,0,ml17_280a_0044,test
ml17_280a_0163_chunk0016.wav,0,ml17_280a_0163,test
ml17_280a_0109_chunk0006.wav,0,ml17_280a_0109,test
ml17_280a_0077_chunk0018.wav,0,ml17_280a_0077,test
ml17_280a_0103_chunk0065.wav,0,ml17_280a_0103,test
ml17_280a_0013_chunk0026.wav,0,ml17_280a_0013,test
ml17_280a_0129_chunk0015.wav,0,ml17_280a_0129,test
ml17_280a_0006_chunk0057.wav,0,ml17_280a_0006,test
ml17_280a_0135_chunk0016.wav,0,ml17_280a_0135,test
ml17_280a_0036_chunk0023.wav,0,ml17_280a_0036,test
ml17_280a_0058_chunk0054.wav,0,ml17_280a_0058,test
ml17_280a_0104_chunk0066.wav,0,ml17_280a_0104,test
ml17_280a_0142_chunk0065.wav,0,ml17_280a_0142,test
ml17_280a_0064_chunk0053.wav,0,ml17_280a_0064,test
ml17_280a_0158_chunk0003.wav,0,ml17_280a_0158,test
ml17_280a_0111_chunk0038.wav,1,ml17_280a_0111,test
ml17_280a_0041_chunk0002.wav,0,ml17_280a_0041,test
ml17_280a_0090_chunk0012.wav,0,ml17_280a_0090,test
ml17_280a_0079_chunk0023.wav,0,ml17_280a_0079,test
ml17_280a_0164_chunk0063.wav,0,ml17_280a_0164,test
ml17_280a_0141_chunk0004.wav,0,ml17_280a_0141,test
ml17_280a_0111_chunk0004.wav,0,ml17_280a_0111,test
ml17_280a_0167_chunk0030.wav,1,ml17_280a_0167,test
ml17_280a_0164_chunk0061.wav,0,ml17_280a_0164,test
ml17_280a_0154_chunk0054.wav,0,ml17_280a_0154,test
ml17_280a_0106_chunk0021.wav,0,ml17_280a_0106,test
ml17_280a_0144_chunk0028.wav,0,ml17_280a_0144,test
ml17_280a_0162_chunk0052.wav,0,ml17_280a_0162,test
ml17_280a_0101_chunk0026.wav,0,ml17_280a_0101,test
ml17_280a_0110_chunk0029.wav,0,ml17_280a_0110,test
ml17_280a_0013_chunk0046.wav,0,ml17_280a_0013,test
ml17_280a_0110_chunk0043.wav,0,ml17_280a_0110,test
ml17_280a_0110_chunk0048.wav,0,ml17_280a_0110,test
ml17_280a_0128_chunk0005.wav,0,ml17_280a_0128,test
ml17_280a_0086_chunk0050.wav,0,ml17_280a_0086,test
ml17_280a_0005_chunk0063.wav,0,ml17_280a_0005,test
ml17_280a_0085_chunk0034.wav,0,ml17_280a_0085,test
ml17_280a_0015_chunk0041.wav,0,ml17_280a_0015,test
ml17_280a_0110_chunk0055.wav,0,ml17_280a_0110,test
ml17_280a_0046_chunk0016.wav,0,ml17_280a_0046,test
ml17_280a_0021_chunk0005.wav,0,ml17_280a_0021,test
ml17_280a_0118_chunk0020.wav,0,ml17_280a_0118,test
ml17_280a_0118_chunk0015.wav,0,ml17_280a_0118,test
ml17_280a_0022_chunk0060.wav,0,ml17_280a_0022,test
ml17_280a_0119_chunk0045.wav,0,ml17_280a_0119,test
ml17_280a_0154_chunk0037.wav,0,ml17_280a_0154,test
ml17_280a_0046_chunk0040.wav,0,ml17_280a_0046,test
ml17_280a_0105_chunk0021.wav,0,ml17_280a_0105,test
ml17_280a_0126_chunk0008.wav,0,ml17_280a_0126,test
ml17_280a_0164_chunk0033.wav,0,ml17_280a_0164,test
ml17_280a_0058_chunk0018.wav,0,ml17_280a_0058,test
ml17_280a_0118_chunk0046.wav,0,ml17_280a_0118,test
ml17_280a_0093_chunk0029.wav,0,ml17_280a_0093,test
ml17_280a_0019_chunk0042.wav,0,ml17_280a_0019,test
ml17_280a_0078_chunk0013.wav,0,ml17_280a_0078,test
ml17_280a_0115_chunk0001.wav,0,ml17_280a_0115,test
ml17_280a_0021_chunk0014.wav,0,ml17_280a_0021,test
ml17_280a_0040_chunk0016.wav,0,ml17_280a_0040,test
ml17_280a_0040_chunk0010.wav,0,ml17_280a_0040,test
ml17_280a_0040_chunk0047.wav,0,ml17_280a_0040,test
ml17_280a_0077_chunk0046.wav,0,ml17_280a_0077,test
ml17_280a_0027_chunk0039.wav,0,ml17_280a_0027,test
ml17_280a_0079_chunk0018.wav,0,ml17_280a_0079,test
