Source Audio,Part,Début (sec),Début (min:sec),Distance,Status,Validation_Humaine,Commentaire
ml17_280a_0083_part31.wav,31,155,2:35,0.6224,ANOMALIE,ANOMALIE,
ml17_280a_0083_part37.wav,37,185,3:05,0.5946,ANOMALIE,ANOMALIE,
ml17_280a_0083_part77.wav,77,385,6:25,0.5942,ANOMALIE,ANOMALIE,
ml17_280a_0083_part29.wav,29,145,2:25,0.5872,ANOMALIE,ANOMALIE,
ml17_280a_0083_part32.wav,32,160,2:40,0.5841,ANOMALIE,ANOMALIE,
ml17_280a_0083_part33.wav,33,165,2:45,0.5833,ANOMALIE,ANOMALIE,
ml17_280a_0083_part0.wav,0,0,0:00,0.5821,ANOMALIE,ANOMALIE,
ml17_280a_0083_part36.wav,36,180,3:00,0.5651,ANOMALIE,ANOMALIE,
ml17_280a_0083_part2.wav,2,10,0:10,0.5573,ANOMALIE,ANOMALIE,
ml17_280a_0083_part6.wav,6,30,0:30,0.5531,ANOMALIE,ANOMALIE,
ml17_280a_0083_part41.wav,41,205,3:25,0.5452,ANOMALIE,ANOMALIE,
ml17_280a_0083_part39.wav,39,195,3:15,0.5452,ANOMALIE,ANOMALIE,
ml17_280a_0083_part27.wav,27,135,2:15,0.543,ANOMALIE,ANOMALIE,
ml17_280a_0083_part83.wav,83,415,6:55,0.5428,ANOMALIE,ANOMALIE,
ml17_280a_0083_part25.wav,25,125,2:05,0.5416,ANOMALIE,ANOMALIE,
ml17_280a_0083_part72.wav,72,360,6:00,0.5413,ANOMALIE,ANOMALIE,
ml17_280a_0083_part81.wav,81,405,6:45,0.5368,ANOMALIE,ANOMALIE,
ml17_280a_0083_part84.wav,84,420,7:00,0.5367,ANOMALIE,ANOMALIE,
ml17_280a_0083_part7.wav,7,35,0:35,0.5359,ANOMALIE,ANOMALIE,
ml17_280a_0083_part14.wav,14,70,1:10,0.5312,ANOMALIE,ANOMALIE,
ml17_280a_0083_part30.wav,30,150,2:30,0.5285,ANOMALIE,ANOMALIE,
ml17_280a_0083_part28.wav,28,140,2:20,0.5257,ANOMALIE,ANOMALIE,
ml17_280a_0083_part13.wav,13,65,1:05,0.5216,ANOMALIE,ANOMALIE,
ml17_280a_0083_part23.wav,23,115,1:55,0.5192,ANOMALIE,ANOMALIE,
ml19_293a_0066_part57.wav,57,285,4:45,0.5133,ANOMALIE,ANOMALIE,
ml17_280a_0083_part9.wav,9,45,0:45,0.5075,ANOMALIE,ANOMALIE,
ml17_280a_0083_part4.wav,4,20,0:20,0.5064,ANOMALIE,ANOMALIE,
ml17_280a_0083_part20.wav,20,100,1:40,0.5021,ANOMALIE,ANOMALIE,
ml17_280a_0083_part24.wav,24,120,2:00,0.4989,ANOMALIE,ANOMALIE,
ml17_280a_0083_part21.wav,21,105,1:45,0.4955,ANOMALIE,ANOMALIE,
ml17_280a_0083_part75.wav,75,375,6:15,0.4953,ANOMALIE,ANOMALIE,
ml17_280a_0083_part10.wav,10,50,0:50,0.4813,ANOMALIE,ANOMALIE,
ml17_280a_0144_part54.wav,54,270,4:30,0.479,ANOMALIE,ANOMALIE,
ml17_280a_0083_part26.wav,26,130,2:10,0.4768,ANOMALIE,ANOMALIE,
ml17_280a_0083_part17.wav,17,85,1:25,0.4752,ANOMALIE,ANOMALIE,
ml17_280a_0083_part8.wav,8,40,0:40,0.4751,ANOMALIE,ANOMALIE,
ml17_280a_0083_part34.wav,34,170,2:50,0.472,ANOMALIE,ANOMALIE,
ml17_280a_0083_part15.wav,15,75,1:15,0.4708,ANOMALIE,ANOMALIE,
ml17_280a_0083_part11.wav,11,55,0:55,0.4648,ANOMALIE,ANOMALIE,
ml19_292a_0030_part61.wav,61,305,5:05,0.4578,ANOMALIE,ANOMALIE,
ml19_293a_0066_part59.wav,59,295,4:55,0.4422,ANOMALIE,ANOMALIE,
ml17_280a_0083_part16.wav,16,80,1:20,0.4397,ANOMALIE,ANOMALIE,
ml17_280a_0083_part74.wav,74,370,6:10,0.4348,ANOMALIE,ANOMALIE,
ml19_292a_0030_part73.wav,73,365,6:05,0.4314,ANOMALIE,ANOMALIE,
ml17_280a_0083_part19.wav,19,95,1:35,0.4289,ANOMALIE,ANOMALIE,
ml17_280a_0083_part76.wav,76,380,6:20,0.4286,ANOMALIE,ANOMALIE,
ml17_280a_0083_part12.wav,12,60,1:00,0.4244,ANOMALIE,ANOMALIE,
ml17_280a_0144_part96.wav,96,480,8:00,0.4117,ANOMALIE,ANOMALIE,
ml19_292b_0026_part90.wav,90,450,7:30,0.4085,ANOMALIE,ANOMALIE,
ml17_280a_0083_part80.wav,80,400,6:40,0.4058,ANOMALIE,ANOMALIE,
ml17_280a_0144_part52.wav,52,260,4:20,0.4029,ANOMALIE,ANOMALIE,
ml17_280a_0083_part70.wav,70,350,5:50,0.4009,ANOMALIE,ANOMALIE,
ml17_280a_0144_part105.wav,105,525,8:45,0.3991,ANOMALIE,ANOMALIE,
ml19_293a_0066_part60.wav,60,300,5:00,0.3988,ANOMALIE,ANOMALIE,
ml17_280a_0144_part50.wav,50,250,4:10,0.3988,ANOMALIE,ANOMALIE,
ml17_280a_0083_part22.wav,22,110,1:50,0.397,ANOMALIE,ANOMALIE,
ml17_280a_0083_part18.wav,18,90,1:30,0.3938,ANOMALIE,ANOMALIE,
ml19_292b_0026_part58.wav,58,290,4:50,0.3906,ANOMALIE,ANOMALIE,
ml17_280a_0083_part49.wav,49,245,4:05,0.3838,ANOMALIE,ANOMALIE,
ml17_280a_0083_part78.wav,78,390,6:30,0.3738,ANOMALIE,ANOMALIE,
ml18_296a_0007_part5.wav,5,25,0:25,0.3737,ANOMALIE,DOUTE,
ml17_280a_0083_part35.wav,35,175,2:55,0.37,ANOMALIE,ANOMALIE,
ml17_280a_0144_part157.wav,157,785,13:05,0.3675,ANOMALIE,ANOMALIE,
ml19_292b_0026_part139.wav,139,695,11:35,0.3672,ANOMALIE,DOUTE,
ml17_280a_0144_part152.wav,152,760,12:40,0.3667,ANOMALIE,ANOMALIE,
ml17_280a_0083_part40.wav,40,200,3:20,0.3615,ANOMALIE,ANOMALIE,
ml17_280a_0144_part155.wav,155,775,12:55,0.3586,ANOMALIE,ANOMALIE,
ml17_280a_0083_part69.wav,69,345,5:45,0.3585,ANOMALIE,ANOMALIE,
ml17_280a_0144_part142.wav,142,710,11:50,0.3553,ANOMALIE,ANOMALIE,
ml18_294b_0013_part84.wav,84,420,7:00,0.3538,ANOMALIE,ANOMALIE,
ml19_292b_0026_part64.wav,64,320,5:20,0.3496,ANOMALIE,ANOMALIE,
ml19_292b_0026_part46.wav,46,230,3:50,0.3454,ANOMALIE,ANOMALIE,
ml17_280a_0144_part15.wav,15,75,1:15,0.3395,ANOMALIE,ANOMALIE,
ml17_280a_0083_part82.wav,82,410,6:50,0.3379,ANOMALIE,ANOMALIE,
ml17_280a_0144_part48.wav,48,240,4:00,0.3367,ANOMALIE,ANOMALIE,
ml19_293a_0015_part34.wav,34,170,2:50,0.3362,ANOMALIE,DOUTE,
ml17_280a_0144_part150.wav,150,750,12:30,0.3305,ANOMALIE,ANOMALIE,
ml19_292b_0026_part138.wav,138,690,11:30,0.3301,ANOMALIE,DOUTE,
ml19_292b_0026_part119.wav,119,595,9:55,0.3298,ANOMALIE,ANOMALIE,
ml19_292a_0030_part68.wav,68,340,5:40,0.3297,ANOMALIE,RAS,
ml17_280a_0083_part55.wav,55,275,4:35,0.325,ANOMALIE,ANOMALIE,
ml17_280a_0144_part160.wav,160,800,13:20,0.321,ANOMALIE,ANOMALIE,
ml17_280a_0144_part135.wav,135,675,11:15,0.3162,ANOMALIE,ANOMALIE,
ml19_292b_0026_part126.wav,126,630,10:30,0.315,ANOMALIE,RAS,
ml19_292b_0026_part103.wav,103,515,8:35,0.3137,ANOMALIE,RAS,
ml18_294b_0076_part84.wav,84,420,7:00,0.313,ANOMALIE,DOUTE,
ml19_292b_0026_part127.wav,127,635,10:35,0.3124,ANOMALIE,RAS,
ml19_292b_0026_part91.wav,91,455,7:35,0.3122,ANOMALIE,RAS,
ml19_292b_0026_part89.wav,89,445,7:25,0.312,ANOMALIE,ANOMALIE,
ml19_292a_0030_part46.wav,46,230,3:50,0.3087,ANOMALIE,RAS,
ml17_280a_0083_part52.wav,52,260,4:20,0.3059,ANOMALIE,ANOMALIE,
ml19_292b_0026_part75.wav,75,375,6:15,0.3059,ANOMALIE,RAS,
ml17_280a_0144_part8.wav,8,40,0:40,0.3043,ANOMALIE,ANOMALIE,
ml19_292b_0026_part129.wav,129,645,10:45,0.304,ANOMALIE,RAS,
ml19_292a_0007_part36.wav,36,180,3:00,0.3011,ANOMALIE,RAS,
ml19_292b_0026_part140.wav,140,700,11:40,0.3006,ANOMALIE,RAS,
ml19_292b_0026_part113.wav,113,565,9:25,0.3003,ANOMALIE,RAS,
ml17_280a_0144_part102.wav,102,510,8:30,0.2987,ANOMALIE,DOUTE,
ml19_292b_0026_part56.wav,56,280,4:40,0.2971,ANOMALIE,RAS,
ml17_280a_0144_part17.wav,17,85,1:25,0.2963,ANOMALIE,ANOMALIE,
ml19_292b_0026_part59.wav,59,295,4:55,0.2942,ANOMALIE,ANOMALIE,
ml17_280a_0144_part27.wav,27,135,2:15,0.2938,ANOMALIE,RAS,
ml17_280a_0144_part116.wav,116,580,9:40,0.2914,ANOMALIE,ANOMALIE,
ml19_292b_0026_part130.wav,130,650,10:50,0.2912,ANOMALIE,RAS,
ml19_292b_0026_part141.wav,141,705,11:45,0.2868,ANOMALIE,RAS,
ml19_292a_0007_part39.wav,39,195,3:15,0.2844,ANOMALIE,RAS,
ml19_292b_0026_part132.wav,132,660,11:00,0.2839,ANOMALIE,RAS,
ml19_292b_0026_part50.wav,50,250,4:10,0.2805,ANOMALIE,RAS,
ml17_280a_0144_part11.wav,11,55,0:55,0.2794,ANOMALIE,RAS,
ml19_293a_0015_part127.wav,127,635,10:35,0.2794,ANOMALIE,RAS,
ml17_280a_0144_part94.wav,94,470,7:50,0.278,ANOMALIE,ANOMALIE,
ml17_280a_0144_part99.wav,99,495,8:15,0.278,ANOMALIE,ANOMALIE,
ml19_292a_0030_part75.wav,75,375,6:15,0.2773,ANOMALIE,DOUTE,
ml17_280a_0083_part1.wav,1,5,0:05,0.2763,ANOMALIE,RAS,
ml17_280a_0144_part144.wav,144,720,12:00,0.2749,ANOMALIE,RAS,
ml18_294b_0042_part8.wav,8,40,0:40,0.271,ANOMALIE,ANOMALIE,
ml19_292a_0030_part78.wav,78,390,6:30,0.2703,ANOMALIE,RAS,
ml17_280a_0144_part97.wav,97,485,8:05,0.2672,ANOMALIE,ANOMALIE,
ml17_280a_0144_part82.wav,82,410,6:50,0.266,ANOMALIE,RAS,
ml19_292b_0026_part114.wav,114,570,9:30,0.2645,ANOMALIE,RAS,
ml17_280a_0083_part66.wav,66,330,5:30,0.264,ANOMALIE,RAS,
ml19_293a_0066_part7.wav,7,35,0:35,0.2633,ANOMALIE,ANOMALIE,
ml19_294a_0011_part36.wav,36,180,3:00,0.2628,ANOMALIE,DOUTE,
ml19_292a_0030_part82.wav,82,410,6:50,0.2625,ANOMALIE,RAS,
ml19_292b_0026_part121.wav,121,605,10:05,0.2624,ANOMALIE,RAS,
ml17_280a_0144_part100.wav,100,500,8:20,0.261,ANOMALIE,DOUTE,
ml19_292b_0026_part131.wav,131,655,10:55,0.2603,ANOMALIE,RAS,
ml19_293a_0066_part70.wav,70,350,5:50,0.2601,ANOMALIE,RAS,
ml19_292a_0030_part37.wav,37,185,3:05,0.26,ANOMALIE,RAS,
ml17_280a_0144_part1.wav,1,5,0:05,0.2593,ANOMALIE,RAS,
ml17_280a_0144_part69.wav,69,345,5:45,0.2591,ANOMALIE,DOUTE,
ml18_294b_0013_part51.wav,51,255,4:15,0.256,ANOMALIE,DOUTE,
ml19_292b_0026_part117.wav,117,585,9:45,0.2554,ANOMALIE,RAS,
ml19_292b_0026_part63.wav,63,315,5:15,0.2553,ANOMALIE,RAS,
ml19_292b_0026_part112.wav,112,560,9:20,0.2543,ANOMALIE,RAS,
ml17_280a_0144_part134.wav,134,670,11:10,0.2541,ANOMALIE,RAS,
ml17_280a_0144_part101.wav,101,505,8:25,0.2528,ANOMALIE,DOUTE,
ml19_293a_0066_part0.wav,0,0,0:00,0.2523,ANOMALIE,DOUTE,
ml17_280a_0083_part38.wav,38,190,3:10,0.2515,ANOMALIE,DOUTE,
ml19_292b_0026_part100.wav,100,500,8:20,0.2514,ANOMALIE,RAS,
ml19_292b_0026_part108.wav,108,540,9:00,0.2503,ANOMALIE,RAS,
ml19_292b_0026_part55.wav,55,275,4:35,0.2488,RAS,RAS,
ml17_280a_0144_part115.wav,115,575,9:35,0.2486,RAS,RAS,
ml17_280a_0144_part35.wav,35,175,2:55,0.2485,RAS,RAS,
ml19_293a_0066_part81.wav,81,405,6:45,0.2474,RAS,RAS,
ml17_280a_0144_part130.wav,130,650,10:50,0.2467,RAS,RAS,
ml17_280a_0144_part67.wav,67,335,5:35,0.2456,RAS,RAS,
ml18_294b_0013_part76.wav,76,380,6:20,0.2454,RAS,DOUTE,
ml19_292b_0026_part123.wav,123,615,10:15,0.2443,RAS,RAS,
ml19_294a_0011_part42.wav,42,210,3:30,0.2442,RAS,ANOMALIE,
ml17_280a_0144_part161.wav,161,805,13:25,0.2429,RAS,RAS,
ml17_280a_0144_part53.wav,53,265,4:25,0.2421,RAS,RAS,
ml18_294b_0013_part78.wav,78,390,6:30,0.2413,RAS,RAS,
ml18_294b_0013_part1.wav,1,5,0:05,0.2389,RAS,RAS,
ml19_293a_0015_part134.wav,134,670,11:10,0.2362,RAS,RAS,
ml17_280a_0083_part73.wav,73,365,6:05,0.2357,RAS,RAS,
ml17_280a_0144_part124.wav,124,620,10:20,0.2351,RAS,RAS,
ml18_294b_0013_part73.wav,73,365,6:05,0.235,RAS,DOUTE,
ml18_294b_0013_part40.wav,40,200,3:20,0.2344,RAS,DOUTE,
ml19_293a_0015_part31.wav,31,155,2:35,0.2341,RAS,RAS,
ml17_280a_0088_part83.wav,83,415,6:55,0.2339,RAS,RAS,
ml19_292b_0026_part42.wav,42,210,3:30,0.2335,RAS,RAS,
ml18_294b_0013_part91.wav,91,455,7:35,0.2335,RAS,DOUTE,
ml17_280a_0144_part153.wav,153,765,12:45,0.2331,RAS,RAS,
ml19_292b_0026_part137.wav,137,685,11:25,0.2329,RAS,RAS,
ml19_294a_0011_part37.wav,37,185,3:05,0.2327,RAS,DOUTE,
ml19_292b_0026_part65.wav,65,325,5:25,0.2324,RAS,RAS,
ml17_280a_0144_part88.wav,88,440,7:20,0.2315,RAS,RAS,
ml19_292b_0026_part107.wav,107,535,8:55,0.2309,RAS,RAS,
ml17_280a_0144_part137.wav,137,685,11:25,0.2305,RAS,ANOMALIE,
ml19_292b_0026_part133.wav,133,665,11:05,0.2304,RAS,RAS,
ml19_292a_0007_part21.wav,21,105,1:45,0.2302,RAS,RAS,
ml17_280a_0144_part98.wav,98,490,8:10,0.23,RAS,RAS,
ml19_292b_0026_part142.wav,142,710,11:50,0.23,RAS,RAS,
ml17_280a_0083_part57.wav,57,285,4:45,0.2286,RAS,RAS,
ml18_294b_0013_part5.wav,5,25,0:25,0.2285,RAS,RAS,
ml19_292a_0030_part63.wav,63,315,5:15,0.2284,RAS,RAS,
ml17_280a_0144_part44.wav,44,220,3:40,0.2283,RAS,ANOMALIE,
ml19_292b_0026_part134.wav,134,670,11:10,0.2282,RAS,RAS,
ml18_294b_0076_part1.wav,1,5,0:05,0.2277,RAS,DOUTE,
ml19_292b_0026_part30.wav,30,150,2:30,0.2271,RAS,RAS,
ml19_292a_0030_part72.wav,72,360,6:00,0.2269,RAS,RAS,
ml17_280a_0144_part32.wav,32,160,2:40,0.2269,RAS,RAS,
ml19_293a_0066_part47.wav,47,235,3:55,0.2261,RAS,DOUTE,
ml19_294a_0011_part43.wav,43,215,3:35,0.2256,RAS,RAS,
ml19_294a_0011_part30.wav,30,150,2:30,0.2254,RAS,DOUTE,
ml19_292b_0026_part128.wav,128,640,10:40,0.2237,RAS,RAS,
ml17_280a_0088_part72.wav,72,360,6:00,0.2223,RAS,RAS,
ml18_294b_0013_part28.wav,28,140,2:20,0.2217,RAS,RAS,
ml19_292b_0026_part144.wav,144,720,12:00,0.2211,RAS,RAS,
ml17_280a_0144_part119.wav,119,595,9:55,0.221,RAS,RAS,
ml18_294b_0013_part85.wav,85,425,7:05,0.2209,RAS,RAS,
ml17_280a_0088_part151.wav,151,755,12:35,0.2198,RAS,RAS,
ml18_296a_0007_part2.wav,2,10,0:10,0.2189,RAS,RAS,
ml18_294b_0042_part4.wav,4,20,0:20,0.2189,RAS,DOUTE,
ml19_294a_0011_part48.wav,48,240,4:00,0.2188,RAS,RAS,
ml19_293a_0015_part138.wav,138,690,11:30,0.2185,RAS,RAS,
ml18_294b_0076_part20.wav,20,100,1:40,0.2183,RAS,RAS,
ml19_292b_0026_part79.wav,79,395,6:35,0.2182,RAS,RAS,
ml17_280a_0144_part77.wav,77,385,6:25,0.218,RAS,RAS,
ml18_294b_0013_part44.wav,44,220,3:40,0.2177,RAS,RAS,
ml17_280a_0144_part148.wav,148,740,12:20,0.2172,RAS,RAS,
ml19_293a_0066_part16.wav,16,80,1:20,0.2172,RAS,RAS,
ml19_294a_0011_part41.wav,41,205,3:25,0.2168,RAS,RAS,
ml17_280a_0083_part64.wav,64,320,5:20,0.216,RAS,RAS,
ml18_294b_0013_part2.wav,2,10,0:10,0.2157,RAS,RAS,
ml19_292b_0026_part120.wav,120,600,10:00,0.2155,RAS,RAS,
ml19_292b_0026_part95.wav,95,475,7:55,0.215,RAS,RAS,
ml19_293a_0066_part84.wav,84,420,7:00,0.2149,RAS,RAS,
ml18_294b_0013_part54.wav,54,270,4:30,0.2148,RAS,DOUTE,
ml17_280a_0144_part90.wav,90,450,7:30,0.2146,RAS,DOUTE,
ml19_292b_0026_part135.wav,135,675,11:15,0.2141,RAS,RAS,
ml18_294b_0013_part77.wav,77,385,6:25,0.2139,RAS,RAS,
ml17_280a_0083_part63.wav,63,315,5:15,0.2134,RAS,RAS,
ml19_292b_0026_part87.wav,87,435,7:15,0.2129,RAS,RAS,
ml17_280a_0144_part123.wav,123,615,10:15,0.2121,RAS,RAS,
ml19_292b_0026_part102.wav,102,510,8:30,0.2115,RAS,RAS,
ml19_294a_0011_part24.wav,24,120,2:00,0.2115,RAS,RAS,
ml17_280a_0144_part132.wav,132,660,11:00,0.2115,RAS,RAS,
ml19_294a_0011_part33.wav,33,165,2:45,0.2114,RAS,DOUTE,
ml19_292a_0030_part76.wav,76,380,6:20,0.2112,RAS,RAS,
ml19_292b_0026_part62.wav,62,310,5:10,0.2108,RAS,RAS,
ml19_292b_0026_part9.wav,9,45,0:45,0.2107,RAS,RAS,
ml18_296a_0007_part11.wav,11,55,0:55,0.2105,RAS,RAS,
ml17_280a_0144_part6.wav,6,30,0:30,0.2105,RAS,RAS,
ml19_292b_0026_part67.wav,67,335,5:35,0.2104,RAS,RAS,
ml19_294a_0011_part31.wav,31,155,2:35,0.2099,RAS,DOUTE,animal ?
ml18_294b_0013_part0.wav,0,0,0:00,0.2099,RAS,DOUTE,wind?
ml19_293a_0066_part58.wav,58,290,4:50,0.2097,RAS,RAS,
ml19_292b_0026_part80.wav,80,400,6:40,0.2096,RAS,RAS,
ml19_294a_0011_part26.wav,26,130,2:10,0.2094,RAS,RAS,
ml17_280a_0144_part55.wav,55,275,4:35,0.209,RAS,RAS,
ml19_292b_0026_part136.wav,136,680,11:20,0.209,RAS,RAS,
ml17_280a_0144_part92.wav,92,460,7:40,0.2087,RAS,ANOMALIE,
ml17_280a_0144_part133.wav,133,665,11:05,0.2087,RAS,ANOMALIE,
ml19_293a_0066_part72.wav,72,360,6:00,0.2086,RAS,RAS,
ml19_293a_0066_part85.wav,85,425,7:05,0.2079,RAS,RAS,
ml17_280a_0144_part43.wav,43,215,3:35,0.2078,RAS,RAS,
ml19_292b_0026_part93.wav,93,465,7:45,0.2074,RAS,RAS,
ml19_292b_0026_part125.wav,125,625,10:25,0.2073,RAS,RAS,
ml19_292b_0026_part77.wav,77,385,6:25,0.2067,RAS,RAS,
ml19_293a_0015_part135.wav,135,675,11:15,0.2064,RAS,RAS,
ml19_293a_0015_part70.wav,70,350,5:50,0.2063,RAS,RAS,
ml18_294b_0013_part63.wav,63,315,5:15,0.2062,RAS,RAS,
ml19_292a_0007_part22.wav,22,110,1:50,0.2062,RAS,RAS,
ml19_292b_0026_part11.wav,11,55,0:55,0.206,RAS,RAS,
ml19_292a_0030_part52.wav,52,260,4:20,0.2057,RAS,RAS,
ml19_292b_0026_part98.wav,98,490,8:10,0.2054,RAS,RAS,
ml19_292b_0026_part66.wav,66,330,5:30,0.2045,RAS,RAS,
ml18_294b_0013_part4.wav,4,20,0:20,0.2042,RAS,DOUTE,wind
ml19_292b_0026_part18.wav,18,90,1:30,0.2042,RAS,RAS,
ml19_292b_0026_part52.wav,52,260,4:20,0.2041,RAS,RAS,
ml19_292a_0030_part4.wav,4,20,0:20,0.2039,RAS,RAS,
ml19_293a_0015_part33.wav,33,165,2:45,0.2038,RAS,RAS,
ml18_294b_0013_part32.wav,32,160,2:40,0.2036,RAS,RAS,
ml19_293a_0015_part67.wav,67,335,5:35,0.2036,RAS,RAS,
ml17_280a_0144_part151.wav,151,755,12:35,0.2034,RAS,RAS,
ml17_280a_0144_part86.wav,86,430,7:10,0.2033,RAS,RAS,
ml19_293a_0015_part132.wav,132,660,11:00,0.2033,RAS,RAS,
ml17_280a_0088_part158.wav,158,790,13:10,0.2026,RAS,RAS,
ml18_294b_0013_part75.wav,75,375,6:15,0.2022,RAS,DOUTE,wind
ml17_280a_0083_part67.wav,67,335,5:35,0.2022,RAS,RAS,
ml19_293a_0066_part25.wav,25,125,2:05,0.202,RAS,A_VALIDER,
ml19_292b_0026_part4.wav,4,20,0:20,0.2012,RAS,A_VALIDER,
ml19_292b_0026_part143.wav,143,715,11:55,0.2011,RAS,A_VALIDER,
ml19_292a_0030_part62.wav,62,310,5:10,0.201,RAS,A_VALIDER,
ml17_280a_0088_part33.wav,33,165,2:45,0.2003,RAS,A_VALIDER,
ml19_293a_0015_part128.wav,128,640,10:40,0.2002,RAS,A_VALIDER,
ml19_292b_0026_part116.wav,116,580,9:40,0.2002,RAS,A_VALIDER,
ml19_292b_0026_part73.wav,73,365,6:05,0.2002,RAS,A_VALIDER,
ml17_280a_0144_part103.wav,103,515,8:35,0.1998,RAS,A_VALIDER,
ml18_294b_0042_part36.wav,36,180,3:00,0.1996,RAS,A_VALIDER,
ml19_293a_0066_part38.wav,38,190,3:10,0.1995,RAS,A_VALIDER,
ml19_292a_0007_part2.wav,2,10,0:10,0.1993,RAS,A_VALIDER,
ml18_294b_0013_part3.wav,3,15,0:15,0.1992,RAS,A_VALIDER,
ml18_294b_0076_part17.wav,17,85,1:25,0.1989,RAS,A_VALIDER,
ml17_280a_0144_part110.wav,110,550,9:10,0.1987,RAS,A_VALIDER,
ml17_280a_0083_part68.wav,68,340,5:40,0.1984,RAS,A_VALIDER,
ml19_292b_0026_part74.wav,74,370,6:10,0.1983,RAS,A_VALIDER,
ml17_280a_0144_part80.wav,80,400,6:40,0.1981,RAS,A_VALIDER,
ml19_293a_0015_part123.wav,123,615,10:15,0.198,RAS,A_VALIDER,
ml19_292a_0007_part20.wav,20,100,1:40,0.1975,RAS,A_VALIDER,
ml19_292a_0007_part38.wav,38,190,3:10,0.1973,RAS,A_VALIDER,
ml17_280a_0144_part75.wav,75,375,6:15,0.1968,RAS,A_VALIDER,
ml18_294b_0013_part47.wav,47,235,3:55,0.1965,RAS,A_VALIDER,
ml19_294a_0011_part16.wav,16,80,1:20,0.1964,RAS,A_VALIDER,
ml17_280a_0144_part84.wav,84,420,7:00,0.1962,RAS,A_VALIDER,
ml19_293a_0066_part20.wav,20,100,1:40,0.196,RAS,A_VALIDER,
ml19_294a_0011_part40.wav,40,200,3:20,0.1959,RAS,A_VALIDER,
ml19_292b_0026_part37.wav,37,185,3:05,0.1957,RAS,A_VALIDER,
ml18_296a_0007_part4.wav,4,20,0:20,0.1956,RAS,A_VALIDER,
ml19_294a_0011_part51.wav,51,255,4:15,0.1955,RAS,A_VALIDER,
ml19_292b_0026_part124.wav,124,620,10:20,0.1954,RAS,A_VALIDER,
ml19_292b_0026_part69.wav,69,345,5:45,0.1952,RAS,A_VALIDER,
ml19_293a_0015_part48.wav,48,240,4:00,0.1946,RAS,A_VALIDER,
ml17_280a_0083_part65.wav,65,325,5:25,0.1942,RAS,A_VALIDER,
ml19_292a_0007_part7.wav,7,35,0:35,0.194,RAS,A_VALIDER,
ml19_292b_0026_part12.wav,12,60,1:00,0.1939,RAS,A_VALIDER,
ml19_292b_0026_part68.wav,68,340,5:40,0.1935,RAS,A_VALIDER,
ml19_294a_0011_part2.wav,2,10,0:10,0.1934,RAS,A_VALIDER,
ml18_294b_0013_part92.wav,92,460,7:40,0.1934,RAS,A_VALIDER,
ml18_294b_0076_part53.wav,53,265,4:25,0.193,RAS,A_VALIDER,
ml18_294b_0013_part43.wav,43,215,3:35,0.1927,RAS,A_VALIDER,
ml19_294a_0011_part10.wav,10,50,0:50,0.1923,RAS,A_VALIDER,
ml19_292a_0007_part34.wav,34,170,2:50,0.1923,RAS,A_VALIDER,
ml18_294b_0013_part38.wav,38,190,3:10,0.1921,RAS,A_VALIDER,
ml19_292b_0026_part111.wav,111,555,9:15,0.192,RAS,A_VALIDER,
ml19_292b_0026_part13.wav,13,65,1:05,0.1919,RAS,A_VALIDER,
ml18_294b_0076_part23.wav,23,115,1:55,0.1918,RAS,A_VALIDER,
ml18_294b_0013_part81.wav,81,405,6:45,0.1917,RAS,A_VALIDER,
ml19_293a_0066_part32.wav,32,160,2:40,0.1913,RAS,A_VALIDER,
ml19_292b_0026_part70.wav,70,350,5:50,0.1912,RAS,A_VALIDER,
ml18_296a_0007_part22.wav,22,110,1:50,0.1909,RAS,A_VALIDER,
ml19_294a_0011_part56.wav,56,280,4:40,0.1906,RAS,A_VALIDER,
ml17_280a_0144_part145.wav,145,725,12:05,0.1905,RAS,A_VALIDER,
ml19_293a_0066_part43.wav,43,215,3:35,0.1903,RAS,A_VALIDER,
ml19_292a_0007_part30.wav,30,150,2:30,0.1902,RAS,A_VALIDER,
ml18_294b_0013_part82.wav,82,410,6:50,0.1901,RAS,A_VALIDER,
ml17_280a_0144_part106.wav,106,530,8:50,0.1898,RAS,A_VALIDER,
ml19_294a_0011_part12.wav,12,60,1:00,0.1898,RAS,A_VALIDER,
ml18_294b_0076_part69.wav,69,345,5:45,0.1897,RAS,A_VALIDER,
ml19_292a_0007_part1.wav,1,5,0:05,0.189,RAS,A_VALIDER,
ml19_294a_0011_part27.wav,27,135,2:15,0.1886,RAS,A_VALIDER,
ml19_292a_0030_part69.wav,69,345,5:45,0.1885,RAS,A_VALIDER,
ml19_292b_0026_part41.wav,41,205,3:25,0.1884,RAS,A_VALIDER,
ml19_292b_0026_part118.wav,118,590,9:50,0.188,RAS,A_VALIDER,
ml19_293a_0066_part17.wav,17,85,1:25,0.1878,RAS,A_VALIDER,
ml17_280a_0088_part165.wav,165,825,13:45,0.1876,RAS,A_VALIDER,
ml17_280a_0088_part128.wav,128,640,10:40,0.1876,RAS,A_VALIDER,
ml19_294a_0011_part8.wav,8,40,0:40,0.1875,RAS,A_VALIDER,
ml17_280a_0088_part142.wav,142,710,11:50,0.1874,RAS,A_VALIDER,
ml17_280a_0144_part114.wav,114,570,9:30,0.1872,RAS,A_VALIDER,
ml17_280a_0144_part14.wav,14,70,1:10,0.1867,RAS,A_VALIDER,
ml19_292b_0026_part81.wav,81,405,6:45,0.1864,RAS,A_VALIDER,
ml19_293a_0015_part141.wav,141,705,11:45,0.1863,RAS,A_VALIDER,
ml19_292a_0030_part14.wav,14,70,1:10,0.1858,RAS,A_VALIDER,
ml19_293a_0066_part62.wav,62,310,5:10,0.1857,RAS,A_VALIDER,
ml19_294a_0011_part32.wav,32,160,2:40,0.1856,RAS,A_VALIDER,
ml17_280a_0083_part5.wav,5,25,0:25,0.1853,RAS,A_VALIDER,
ml19_292b_0026_part72.wav,72,360,6:00,0.1851,RAS,A_VALIDER,
ml19_292b_0026_part32.wav,32,160,2:40,0.185,RAS,A_VALIDER,
ml19_292b_0026_part104.wav,104,520,8:40,0.185,RAS,A_VALIDER,
ml18_294b_0013_part11.wav,11,55,0:55,0.1849,RAS,A_VALIDER,
ml17_280a_0144_part136.wav,136,680,11:20,0.1847,RAS,A_VALIDER,
ml18_294b_0013_part49.wav,49,245,4:05,0.1841,RAS,A_VALIDER,
ml17_280a_0144_part10.wav,10,50,0:50,0.1839,RAS,A_VALIDER,
ml19_294a_0011_part5.wav,5,25,0:25,0.1839,RAS,A_VALIDER,
ml19_292a_0030_part91.wav,91,455,7:35,0.1839,RAS,A_VALIDER,
ml19_292b_0026_part29.wav,29,145,2:25,0.1839,RAS,A_VALIDER,
ml18_294b_0013_part80.wav,80,400,6:40,0.183,RAS,A_VALIDER,
ml19_294a_0011_part19.wav,19,95,1:35,0.183,RAS,A_VALIDER,
ml19_292a_0030_part33.wav,33,165,2:45,0.1828,RAS,A_VALIDER,
ml19_294a_0011_part45.wav,45,225,3:45,0.1826,RAS,A_VALIDER,
ml17_280a_0083_part59.wav,59,295,4:55,0.1825,RAS,A_VALIDER,
ml18_294b_0013_part36.wav,36,180,3:00,0.1823,RAS,A_VALIDER,
ml17_280a_0088_part30.wav,30,150,2:30,0.1817,RAS,A_VALIDER,
ml18_294b_0042_part15.wav,15,75,1:15,0.1813,RAS,A_VALIDER,
ml19_292b_0026_part122.wav,122,610,10:10,0.1811,RAS,A_VALIDER,
ml19_292b_0026_part43.wav,43,215,3:35,0.181,RAS,A_VALIDER,
ml17_280a_0144_part127.wav,127,635,10:35,0.181,RAS,A_VALIDER,
ml17_280a_0144_part12.wav,12,60,1:00,0.181,RAS,A_VALIDER,
ml19_294a_0011_part34.wav,34,170,2:50,0.181,RAS,A_VALIDER,
ml18_296a_0007_part14.wav,14,70,1:10,0.1806,RAS,A_VALIDER,
ml19_293a_0015_part107.wav,107,535,8:55,0.1805,RAS,A_VALIDER,
ml19_292b_0026_part54.wav,54,270,4:30,0.1805,RAS,A_VALIDER,
ml19_294a_0011_part38.wav,38,190,3:10,0.1796,RAS,A_VALIDER,
ml18_294b_0076_part48.wav,48,240,4:00,0.1794,RAS,A_VALIDER,
ml19_293a_0015_part109.wav,109,545,9:05,0.1791,RAS,A_VALIDER,
ml19_292b_0026_part97.wav,97,485,8:05,0.1791,RAS,A_VALIDER,
ml17_280a_0144_part79.wav,79,395,6:35,0.1789,RAS,A_VALIDER,
ml19_293a_0015_part18.wav,18,90,1:30,0.1788,RAS,A_VALIDER,
ml19_294a_0011_part35.wav,35,175,2:55,0.1784,RAS,A_VALIDER,
ml19_292a_0007_part23.wav,23,115,1:55,0.1782,RAS,A_VALIDER,
ml17_280a_0144_part156.wav,156,780,13:00,0.1782,RAS,A_VALIDER,
ml19_292b_0026_part61.wav,61,305,5:05,0.1782,RAS,A_VALIDER,
ml19_293a_0066_part14.wav,14,70,1:10,0.1777,RAS,A_VALIDER,
ml19_292b_0026_part71.wav,71,355,5:55,0.1776,RAS,A_VALIDER,
ml19_292b_0026_part99.wav,99,495,8:15,0.1776,RAS,A_VALIDER,
ml19_293a_0066_part73.wav,73,365,6:05,0.1776,RAS,A_VALIDER,
ml19_292b_0026_part94.wav,94,470,7:50,0.1775,RAS,A_VALIDER,
ml19_293a_0066_part91.wav,91,455,7:35,0.1775,RAS,A_VALIDER,
ml19_292b_0026_part109.wav,109,545,9:05,0.1773,RAS,A_VALIDER,
ml17_280a_0144_part24.wav,24,120,2:00,0.1772,RAS,A_VALIDER,
ml18_294b_0013_part65.wav,65,325,5:25,0.1771,RAS,A_VALIDER,
ml19_292a_0007_part15.wav,15,75,1:15,0.1765,RAS,A_VALIDER,
ml19_293a_0066_part18.wav,18,90,1:30,0.1765,RAS,A_VALIDER,
ml17_280a_0144_part108.wav,108,540,9:00,0.1764,RAS,A_VALIDER,
ml19_292a_0030_part21.wav,21,105,1:45,0.1762,RAS,A_VALIDER,
ml19_294a_0011_part29.wav,29,145,2:25,0.1762,RAS,A_VALIDER,
ml19_293a_0015_part3.wav,3,15,0:15,0.1758,RAS,A_VALIDER,
ml17_280a_0144_part159.wav,159,795,13:15,0.1756,RAS,A_VALIDER,
ml17_280a_0144_part122.wav,122,610,10:10,0.1754,RAS,A_VALIDER,
ml18_294b_0013_part52.wav,52,260,4:20,0.1753,RAS,A_VALIDER,
ml19_294a_0011_part61.wav,61,305,5:05,0.1753,RAS,A_VALIDER,
ml19_293a_0015_part108.wav,108,540,9:00,0.1751,RAS,A_VALIDER,
ml19_292b_0026_part105.wav,105,525,8:45,0.175,RAS,A_VALIDER,
ml19_292a_0030_part43.wav,43,215,3:35,0.175,RAS,A_VALIDER,
ml19_292b_0026_part76.wav,76,380,6:20,0.1748,RAS,A_VALIDER,
ml19_293a_0015_part35.wav,35,175,2:55,0.1747,RAS,A_VALIDER,
ml17_280a_0144_part129.wav,129,645,10:45,0.1743,RAS,A_VALIDER,
ml17_280a_0144_part112.wav,112,560,9:20,0.1743,RAS,A_VALIDER,
ml19_292a_0007_part37.wav,37,185,3:05,0.174,RAS,A_VALIDER,
ml17_280a_0088_part161.wav,161,805,13:25,0.174,RAS,A_VALIDER,
ml17_280a_0144_part31.wav,31,155,2:35,0.1733,RAS,A_VALIDER,
ml18_296a_0007_part7.wav,7,35,0:35,0.1731,RAS,A_VALIDER,
ml17_280a_0088_part111.wav,111,555,9:15,0.173,RAS,A_VALIDER,
ml17_280a_0088_part60.wav,60,300,5:00,0.1728,RAS,A_VALIDER,
ml17_280a_0144_part33.wav,33,165,2:45,0.1725,RAS,A_VALIDER,
ml19_294a_0011_part13.wav,13,65,1:05,0.1725,RAS,A_VALIDER,
ml19_292b_0026_part8.wav,8,40,0:40,0.1724,RAS,A_VALIDER,
ml17_280a_0144_part9.wav,9,45,0:45,0.1723,RAS,A_VALIDER,
ml19_293a_0066_part92.wav,92,460,7:40,0.1723,RAS,A_VALIDER,
ml19_292b_0026_part53.wav,53,265,4:25,0.1722,RAS,A_VALIDER,
ml19_294a_0011_part9.wav,9,45,0:45,0.1722,RAS,A_VALIDER,
ml19_292a_0007_part25.wav,25,125,2:05,0.1717,RAS,A_VALIDER,
ml19_292b_0026_part57.wav,57,285,4:45,0.1715,RAS,A_VALIDER,
ml19_293a_0066_part80.wav,80,400,6:40,0.1715,RAS,A_VALIDER,
ml17_280a_0088_part58.wav,58,290,4:50,0.1708,RAS,A_VALIDER,
ml19_292b_0026_part47.wav,47,235,3:55,0.1703,RAS,A_VALIDER,
ml19_294a_0011_part28.wav,28,140,2:20,0.1701,RAS,A_VALIDER,
ml17_280a_0144_part29.wav,29,145,2:25,0.1699,RAS,A_VALIDER,
ml19_293a_0015_part64.wav,64,320,5:20,0.1699,RAS,A_VALIDER,
ml18_294b_0013_part68.wav,68,340,5:40,0.1698,RAS,A_VALIDER,
ml19_292b_0026_part106.wav,106,530,8:50,0.1697,RAS,A_VALIDER,
ml17_280a_0088_part34.wav,34,170,2:50,0.1697,RAS,A_VALIDER,
ml19_293a_0015_part131.wav,131,655,10:55,0.1697,RAS,A_VALIDER,
ml17_280a_0144_part4.wav,4,20,0:20,0.1696,RAS,A_VALIDER,
ml17_280a_0144_part131.wav,131,655,10:55,0.1693,RAS,RAS,
ml19_294a_0011_part39.wav,39,195,3:15,0.1691,RAS,DOUTE,
ml19_294a_0011_part20.wav,20,100,1:40,0.169,RAS,DOUTE,
ml18_296a_0007_part24.wav,24,120,2:00,0.169,RAS,RAS,
ml18_294b_0076_part25.wav,25,125,2:05,0.1689,RAS,RAS,
ml18_294b_0042_part0.wav,0,0,0:00,0.1688,RAS,RAS,
ml19_293a_0015_part94.wav,94,470,7:50,0.1688,RAS,RAS,
ml19_294a_0011_part17.wav,17,85,1:25,0.1686,RAS,ANOMALIE,
ml18_294b_0013_part27.wav,27,135,2:15,0.1685,RAS,ANOMALIE,
ml19_292b_0026_part101.wav,101,505,8:25,0.1683,RAS,RAS,
ml18_294b_0076_part32.wav,32,160,2:40,0.1682,RAS,RAS,
ml19_294a_0011_part62.wav,62,310,5:10,0.168,RAS,RAS,
ml19_293a_0015_part47.wav,47,235,3:55,0.168,RAS,RAS,
ml17_280a_0144_part87.wav,87,435,7:15,0.1679,RAS,RAS,
ml18_294b_0076_part28.wav,28,140,2:20,0.1678,RAS,RAS,
ml17_280a_0144_part139.wav,139,695,11:35,0.1678,RAS,RAS,
ml19_294a_0011_part4.wav,4,20,0:20,0.1678,RAS,RAS,
ml18_294b_0042_part43.wav,43,215,3:35,0.1676,RAS,RAS,
ml19_292a_0030_part49.wav,49,245,4:05,0.1675,RAS,RAS,
ml17_280a_0083_part47.wav,47,235,3:55,0.1674,RAS,RAS,
ml19_293a_0015_part5.wav,5,25,0:25,0.1673,RAS,RAS,
ml17_280a_0088_part4.wav,4,20,0:20,0.1672,RAS,RAS,
ml18_294b_0013_part31.wav,31,155,2:35,0.1672,RAS,RAS,
ml18_294b_0013_part23.wav,23,115,1:55,0.167,RAS,ANOMALIE,
ml18_296a_0007_part1.wav,1,5,0:05,0.1667,RAS,RAS,
ml19_292b_0026_part48.wav,48,240,4:00,0.1667,RAS,RAS,
ml18_296a_0007_part10.wav,10,50,0:50,0.1666,RAS,RAS,
ml19_292a_0030_part39.wav,39,195,3:15,0.1666,RAS,RAS,
ml18_294b_0013_part89.wav,89,445,7:25,0.1664,RAS,RAS,
ml18_294b_0013_part21.wav,21,105,1:45,0.1663,RAS,ANOMALIE,
ml18_294b_0076_part16.wav,16,80,1:20,0.1662,RAS,RAS,
ml17_280a_0088_part153.wav,153,765,12:45,0.1661,RAS,RAS,
ml17_280a_0144_part22.wav,22,110,1:50,0.1657,RAS,RAS,
ml18_294b_0042_part21.wav,21,105,1:45,0.1655,RAS,RAS,
ml19_294a_0011_part1.wav,1,5,0:05,0.1652,RAS,RAS,
ml19_294a_0011_part3.wav,3,15,0:15,0.1652,RAS,DOUTE,
ml17_280a_0144_part56.wav,56,280,4:40,0.1649,RAS,RAS,
ml18_294b_0013_part37.wav,37,185,3:05,0.1649,RAS,RAS,
ml17_280a_0083_part60.wav,60,300,5:00,0.1648,RAS,RAS,
ml17_280a_0144_part107.wav,107,535,8:55,0.1645,RAS,RAS,
ml18_294b_0076_part63.wav,63,315,5:15,0.1644,RAS,RAS,
ml19_293a_0066_part34.wav,34,170,2:50,0.1643,RAS,RAS,
ml19_292a_0030_part6.wav,6,30,0:30,0.1643,RAS,RAS,
ml19_292b_0026_part2.wav,2,10,0:10,0.1641,RAS,RAS,
ml19_294a_0011_part15.wav,15,75,1:15,0.1641,RAS,RAS,
ml18_294b_0013_part96.wav,96,480,8:00,0.1637,RAS,RAS,
ml19_293a_0015_part89.wav,89,445,7:25,0.1635,RAS,RAS,
ml19_292b_0026_part19.wav,19,95,1:35,0.1635,RAS,RAS,
ml19_293a_0015_part104.wav,104,520,8:40,0.1634,RAS,RAS,
ml19_294a_0011_part11.wav,11,55,0:55,0.1631,RAS,DOUTE,
ml19_294a_0011_part57.wav,57,285,4:45,0.1629,RAS,RAS,
ml18_296a_0007_part18.wav,18,90,1:30,0.1628,RAS,RAS,
ml19_294a_0011_part6.wav,6,30,0:30,0.1627,RAS,ANOMALIE,
ml19_293a_0015_part103.wav,103,515,8:35,0.1626,RAS,RAS,
ml19_292a_0007_part32.wav,32,160,2:40,0.1626,RAS,RAS,
ml18_296a_0007_part3.wav,3,15,0:15,0.1624,RAS,RAS,
ml18_294b_0013_part61.wav,61,305,5:05,0.1622,RAS,ANOMALIE,
ml19_293a_0015_part8.wav,8,40,0:40,0.1621,RAS,RAS,
ml19_293a_0015_part110.wav,110,550,9:10,0.162,RAS,RAS,
ml17_280a_0088_part137.wav,137,685,11:25,0.1618,RAS,RAS,
ml17_280a_0083_part58.wav,58,290,4:50,0.1618,RAS,RAS,
ml17_280a_0088_part75.wav,75,375,6:15,0.1616,RAS,RAS,
ml19_293a_0015_part36.wav,36,180,3:00,0.1615,RAS,RAS,
ml18_294b_0013_part93.wav,93,465,7:45,0.1614,RAS,RAS,
ml17_280a_0144_part73.wav,73,365,6:05,0.1614,RAS,RAS,
ml17_280a_0144_part76.wav,76,380,6:20,0.1614,RAS,RAS,
ml19_292b_0026_part96.wav,96,480,8:00,0.1611,RAS,RAS,
ml19_292a_0007_part19.wav,19,95,1:35,0.1606,RAS,RAS,
ml17_280a_0088_part121.wav,121,605,10:05,0.1603,RAS,RAS,
ml18_294b_0042_part26.wav,26,130,2:10,0.1603,RAS,RAS,
ml19_293a_0015_part117.wav,117,585,9:45,0.16,RAS,RAS,
ml18_294b_0042_part51.wav,51,255,4:15,0.1598,RAS,DOUTE,
ml17_280a_0088_part96.wav,96,480,8:00,0.1596,RAS,RAS,
ml18_294b_0076_part57.wav,57,285,4:45,0.1596,RAS,RAS,
ml19_294a_0011_part55.wav,55,275,4:35,0.1595,RAS,DOUTE,
ml19_293a_0015_part78.wav,78,390,6:30,0.1593,RAS,RAS,
ml19_294a_0011_part49.wav,49,245,4:05,0.1593,RAS,RAS,
ml18_294b_0013_part14.wav,14,70,1:10,0.1593,RAS,RAS,
ml18_294b_0076_part11.wav,11,55,0:55,0.159,RAS,A_VALIDER,
ml18_294b_0076_part43.wav,43,215,3:35,0.1588,RAS,A_VALIDER,
ml19_294a_0011_part46.wav,46,230,3:50,0.1587,RAS,A_VALIDER,
ml18_294b_0076_part4.wav,4,20,0:20,0.1585,RAS,A_VALIDER,
ml19_294a_0011_part21.wav,21,105,1:45,0.1582,RAS,A_VALIDER,
ml18_294b_0076_part73.wav,73,365,6:05,0.1581,RAS,A_VALIDER,
ml17_280a_0088_part11.wav,11,55,0:55,0.158,RAS,A_VALIDER,
ml17_280a_0144_part39.wav,39,195,3:15,0.1579,RAS,A_VALIDER,
ml18_294b_0076_part66.wav,66,330,5:30,0.1577,RAS,A_VALIDER,
ml19_293a_0066_part1.wav,1,5,0:05,0.1577,RAS,A_VALIDER,
ml19_293a_0015_part140.wav,140,700,11:40,0.1576,RAS,A_VALIDER,
ml17_280a_0144_part0.wav,0,0,0:00,0.1575,RAS,A_VALIDER,
ml19_293a_0015_part112.wav,112,560,9:20,0.1574,RAS,A_VALIDER,
ml19_293a_0066_part2.wav,2,10,0:10,0.1572,RAS,A_VALIDER,
ml17_280a_0144_part95.wav,95,475,7:55,0.1571,RAS,A_VALIDER,
ml18_294b_0013_part66.wav,66,330,5:30,0.1565,RAS,A_VALIDER,
ml19_293a_0066_part13.wav,13,65,1:05,0.1565,RAS,A_VALIDER,
ml19_292a_0007_part28.wav,28,140,2:20,0.1563,RAS,A_VALIDER,
ml19_292a_0030_part44.wav,44,220,3:40,0.1563,RAS,A_VALIDER,
ml19_294a_0011_part47.wav,47,235,3:55,0.1562,RAS,A_VALIDER,
ml19_292b_0026_part88.wav,88,440,7:20,0.156,RAS,A_VALIDER,
ml19_292a_0030_part90.wav,90,450,7:30,0.1559,RAS,A_VALIDER,
ml19_292a_0030_part85.wav,85,425,7:05,0.1557,RAS,A_VALIDER,
ml17_280a_0144_part78.wav,78,390,6:30,0.1554,RAS,A_VALIDER,
ml19_293a_0066_part77.wav,77,385,6:25,0.1554,RAS,A_VALIDER,
ml19_293a_0066_part28.wav,28,140,2:20,0.1554,RAS,A_VALIDER,
ml19_293a_0015_part1.wav,1,5,0:05,0.1553,RAS,A_VALIDER,
ml19_293a_0066_part40.wav,40,200,3:20,0.1552,RAS,A_VALIDER,
ml18_294b_0013_part12.wav,12,60,1:00,0.1551,RAS,A_VALIDER,
ml19_294a_0011_part53.wav,53,265,4:25,0.1548,RAS,A_VALIDER,
ml18_294b_0013_part29.wav,29,145,2:25,0.1546,RAS,A_VALIDER,
ml19_294a_0011_part25.wav,25,125,2:05,0.1545,RAS,A_VALIDER,
ml19_294a_0011_part14.wav,14,70,1:10,0.1545,RAS,A_VALIDER,
ml18_294b_0042_part14.wav,14,70,1:10,0.1544,RAS,A_VALIDER,
ml18_294b_0013_part53.wav,53,265,4:25,0.1544,RAS,A_VALIDER,
ml19_293a_0066_part12.wav,12,60,1:00,0.1543,RAS,A_VALIDER,
ml19_293a_0066_part87.wav,87,435,7:15,0.1541,RAS,A_VALIDER,
ml19_292a_0030_part81.wav,81,405,6:45,0.1539,RAS,A_VALIDER,
ml17_280a_0144_part154.wav,154,770,12:50,0.1539,RAS,A_VALIDER,
ml18_296a_0007_part6.wav,6,30,0:30,0.1539,RAS,A_VALIDER,
ml18_294b_0013_part45.wav,45,225,3:45,0.1539,RAS,RAS,
ml17_280a_0088_part73.wav,73,365,6:05,0.1539,RAS,RAS,
ml19_293a_0015_part114.wav,114,570,9:30,0.1535,RAS,RAS,
ml17_280a_0144_part104.wav,104,520,8:40,0.1535,RAS,RAS,
ml18_294b_0013_part26.wav,26,130,2:10,0.1534,RAS,RAS,
ml18_294b_0076_part59.wav,59,295,4:55,0.1533,RAS,RAS,
ml19_294a_0011_part0.wav,0,0,0:00,0.1531,RAS,RAS,
ml19_292b_0026_part40.wav,40,200,3:20,0.153,RAS,DOUTE,
ml17_280a_0088_part85.wav,85,425,7:05,0.1528,RAS,RAS,
ml17_280a_0144_part2.wav,2,10,0:10,0.1526,RAS,RAS,
ml18_294b_0042_part41.wav,41,205,3:25,0.1524,RAS,RAS,
ml19_293a_0066_part86.wav,86,430,7:10,0.1524,RAS,RAS,
ml19_293a_0066_part75.wav,75,375,6:15,0.1523,RAS,RAS,
ml19_292b_0026_part60.wav,60,300,5:00,0.1523,RAS,RAS,
ml17_280a_0144_part16.wav,16,80,1:20,0.152,RAS,RAS,
ml18_294b_0076_part80.wav,80,400,6:40,0.152,RAS,RAS,
ml18_294b_0042_part18.wav,18,90,1:30,0.1519,RAS,RAS,
ml19_293a_0015_part139.wav,139,695,11:35,0.1518,RAS,RAS,
ml17_280a_0083_part48.wav,48,240,4:00,0.1516,RAS,RAS,
ml18_294b_0076_part0.wav,0,0,0:00,0.1516,RAS,RAS,
ml19_294a_0011_part59.wav,59,295,4:55,0.1515,RAS,ANOMALIE,
ml19_292a_0007_part16.wav,16,80,1:20,0.1514,RAS,RAS,
ml19_293a_0015_part92.wav,92,460,7:40,0.1514,RAS,RAS,
ml17_280a_0144_part18.wav,18,90,1:30,0.1513,RAS,RAS,
ml19_293a_0066_part50.wav,50,250,4:10,0.1513,RAS,RAS,
ml19_292b_0026_part85.wav,85,425,7:05,0.1507,RAS,RAS,
ml19_294a_0011_part23.wav,23,115,1:55,0.1507,RAS,DOUTE,
ml17_280a_0144_part149.wav,149,745,12:25,0.1506,RAS,RAS,
ml17_280a_0088_part2.wav,2,10,0:10,0.1506,RAS,RAS,
ml18_294b_0013_part70.wav,70,350,5:50,0.1503,RAS,RAS,
ml19_292a_0030_part87.wav,87,435,7:15,0.1503,RAS,RAS,
ml19_293a_0015_part17.wav,17,85,1:25,0.1503,RAS,RAS,
ml18_294b_0042_part27.wav,27,135,2:15,0.1501,RAS,RAS,
ml19_292b_0026_part83.wav,83,415,6:55,0.15,RAS,RAS,
ml18_294b_0013_part19.wav,19,95,1:35,0.1499,RAS,RAS,
ml18_294b_0076_part83.wav,83,415,6:55,0.1499,RAS,RAS,
ml19_292a_0007_part17.wav,17,85,1:25,0.1498,RAS,RAS,
ml19_292a_0030_part2.wav,2,10,0:10,0.1498,RAS,RAS,
ml18_294b_0076_part3.wav,3,15,0:15,0.1498,RAS,RAS,
ml19_292b_0026_part35.wav,35,175,2:55,0.1497,RAS,RAS,
ml19_292b_0026_part1.wav,1,5,0:05,0.1494,RAS,RAS,
ml17_280a_0144_part74.wav,74,370,6:10,0.1492,RAS,RAS,
ml19_293a_0066_part30.wav,30,150,2:30,0.1491,RAS,RAS,
ml18_294b_0042_part10.wav,10,50,0:50,0.1491,RAS,RAS,
ml18_294b_0076_part36.wav,36,180,3:00,0.1491,RAS,RAS,
ml18_294b_0076_part81.wav,81,405,6:45,0.1491,RAS,DOUTE,
ml18_294b_0076_part54.wav,54,270,4:30,0.149,RAS,RAS,
ml19_293a_0066_part64.wav,64,320,5:20,0.1487,RAS,RAS,
ml18_294b_0076_part34.wav,34,170,2:50,0.1486,RAS,DOUTE,
ml17_280a_0083_part42.wav,42,210,3:30,0.1485,RAS,RAS,
ml18_294b_0076_part6.wav,6,30,0:30,0.1485,RAS,RAS,
ml19_292b_0026_part110.wav,110,550,9:10,0.1483,RAS,RAS,
ml19_293a_0015_part88.wav,88,440,7:20,0.1483,RAS,RAS,
ml18_294b_0013_part90.wav,90,450,7:30,0.1483,RAS,DOUTE,
ml18_296a_0007_part16.wav,16,80,1:20,0.1481,RAS,DOUTE,
ml19_293a_0015_part101.wav,101,505,8:25,0.1479,RAS,A_VALIDER,
ml19_292a_0030_part83.wav,83,415,6:55,0.1479,RAS,A_VALIDER,
ml17_280a_0144_part91.wav,91,455,7:35,0.1477,RAS,A_VALIDER,
ml17_280a_0144_part13.wav,13,65,1:05,0.1477,RAS,A_VALIDER,
ml17_280a_0088_part90.wav,90,450,7:30,0.1475,RAS,A_VALIDER,
ml17_280a_0088_part139.wav,139,695,11:35,0.1474,RAS,A_VALIDER,
ml19_293a_0015_part82.wav,82,410,6:50,0.1472,RAS,A_VALIDER,
ml19_292b_0026_part39.wav,39,195,3:15,0.1472,RAS,A_VALIDER,
ml17_280a_0088_part36.wav,36,180,3:00,0.1472,RAS,A_VALIDER,
ml19_294a_0011_part60.wav,60,300,5:00,0.1472,RAS,A_VALIDER,
ml18_294b_0042_part16.wav,16,80,1:20,0.1469,RAS,A_VALIDER,
ml19_292b_0026_part44.wav,44,220,3:40,0.1468,RAS,A_VALIDER,
ml17_280a_0144_part128.wav,128,640,10:40,0.1468,RAS,A_VALIDER,
ml17_280a_0088_part152.wav,152,760,12:40,0.1466,RAS,A_VALIDER,
ml17_280a_0088_part61.wav,61,305,5:05,0.1464,RAS,A_VALIDER,
ml18_296a_0007_part17.wav,17,85,1:25,0.1463,RAS,A_VALIDER,
ml19_294a_0011_part7.wav,7,35,0:35,0.1462,RAS,A_VALIDER,
ml19_292b_0026_part10.wav,10,50,0:50,0.1461,RAS,A_VALIDER,
ml19_294a_0011_part54.wav,54,270,4:30,0.1459,RAS,A_VALIDER,
ml19_292a_0007_part12.wav,12,60,1:00,0.1459,RAS,A_VALIDER,
ml18_294b_0013_part39.wav,39,195,3:15,0.1457,RAS,A_VALIDER,
ml18_294b_0013_part15.wav,15,75,1:15,0.1456,RAS,A_VALIDER,
ml17_280a_0144_part163.wav,163,815,13:35,0.1455,RAS,A_VALIDER,
ml18_294b_0013_part59.wav,59,295,4:55,0.1455,RAS,A_VALIDER,
ml19_292a_0030_part22.wav,22,110,1:50,0.1454,RAS,A_VALIDER,
ml17_280a_0144_part36.wav,36,180,3:00,0.1453,RAS,A_VALIDER,
ml19_294a_0011_part58.wav,58,290,4:50,0.1453,RAS,A_VALIDER,
ml19_292a_0030_part67.wav,67,335,5:35,0.1452,RAS,A_VALIDER,
ml18_294b_0042_part24.wav,24,120,2:00,0.1451,RAS,A_VALIDER,
ml19_292b_0026_part36.wav,36,180,3:00,0.1449,RAS,A_VALIDER,
ml18_294b_0042_part28.wav,28,140,2:20,0.1447,RAS,A_VALIDER,
ml19_293a_0066_part15.wav,15,75,1:15,0.1447,RAS,A_VALIDER,
ml19_294a_0011_part18.wav,18,90,1:30,0.1447,RAS,A_VALIDER,
ml19_292a_0030_part70.wav,70,350,5:50,0.1447,RAS,A_VALIDER,
ml17_280a_0088_part8.wav,8,40,0:40,0.1445,RAS,A_VALIDER,
ml19_292b_0026_part31.wav,31,155,2:35,0.1444,RAS,A_VALIDER,
ml17_280a_0144_part143.wav,143,715,11:55,0.1443,RAS,A_VALIDER,
ml19_293a_0015_part83.wav,83,415,6:55,0.1441,RAS,A_VALIDER,
ml18_294b_0013_part48.wav,48,240,4:00,0.144,RAS,A_VALIDER,
ml19_294a_0011_part22.wav,22,110,1:50,0.1438,RAS,A_VALIDER,
ml19_293a_0015_part97.wav,97,485,8:05,0.1437,RAS,A_VALIDER,
ml17_280a_0144_part138.wav,138,690,11:30,0.1437,RAS,A_VALIDER,
ml19_292a_0007_part33.wav,33,165,2:45,0.1437,RAS,A_VALIDER,
ml19_293a_0066_part55.wav,55,275,4:35,0.1436,RAS,A_VALIDER,
ml19_293a_0066_part89.wav,89,445,7:25,0.1436,RAS,A_VALIDER,
ml19_293a_0015_part125.wav,125,625,10:25,0.1435,RAS,A_VALIDER,
ml17_280a_0088_part120.wav,120,600,10:00,0.1435,RAS,A_VALIDER,
ml19_293a_0015_part90.wav,90,450,7:30,0.1435,RAS,A_VALIDER,
ml19_293a_0015_part75.wav,75,375,6:15,0.1434,RAS,A_VALIDER,
ml17_280a_0088_part134.wav,134,670,11:10,0.1434,RAS,A_VALIDER,
ml18_294b_0076_part9.wav,9,45,0:45,0.1433,RAS,A_VALIDER,
ml19_292a_0007_part35.wav,35,175,2:55,0.1433,RAS,A_VALIDER,
ml19_293a_0015_part129.wav,129,645,10:45,0.143,RAS,A_VALIDER,
ml19_293a_0015_part118.wav,118,590,9:50,0.143,RAS,RAS,
ml19_293a_0066_part66.wav,66,330,5:30,0.1427,RAS,RAS,
ml17_280a_0144_part71.wav,71,355,5:55,0.1427,RAS,RAS,
ml19_292b_0026_part0.wav,0,0,0:00,0.1426,RAS,RAS,
ml17_280a_0088_part93.wav,93,465,7:45,0.1425,RAS,RAS,
ml19_293a_0066_part42.wav,42,210,3:30,0.1425,RAS,RAS,
ml17_280a_0144_part20.wav,20,100,1:40,0.1424,RAS,RAS,
ml19_293a_0015_part58.wav,58,290,4:50,0.1424,RAS,RAS,
ml19_293a_0066_part79.wav,79,395,6:35,0.1423,RAS,ANOMALIE,
ml18_296a_0007_part9.wav,9,45,0:45,0.1422,RAS,RAS,
ml17_280a_0144_part26.wav,26,130,2:10,0.1422,RAS,RAS,
ml18_294b_0013_part71.wav,71,355,5:55,0.1421,RAS,DOUTE,wind
ml17_280a_0088_part14.wav,14,70,1:10,0.1419,RAS,RAS,
ml17_280a_0088_part13.wav,13,65,1:05,0.1418,RAS,RAS,
ml19_293a_0015_part87.wav,87,435,7:15,0.1416,RAS,RAS,
ml19_292a_0030_part86.wav,86,430,7:10,0.1414,RAS,RAS,
ml19_293a_0015_part133.wav,133,665,11:05,0.1414,RAS,RAS,
ml17_280a_0088_part122.wav,122,610,10:10,0.1413,RAS,RAS,
ml19_294a_0011_part52.wav,52,260,4:20,0.1413,RAS,ANOMALIE,
ml18_294b_0013_part86.wav,86,430,7:10,0.1412,RAS,DOUTE,vent
ml19_292b_0026_part92.wav,92,460,7:40,0.141,RAS,RAS,
ml18_294b_0013_part74.wav,74,370,6:10,0.1409,RAS,RAS,
ml17_280a_0144_part66.wav,66,330,5:30,0.1408,RAS,RAS,
ml17_280a_0088_part102.wav,102,510,8:30,0.1408,RAS,RAS,
ml19_292a_0030_part55.wav,55,275,4:35,0.1405,RAS,RAS,
ml19_292a_0030_part11.wav,11,55,0:55,0.1403,RAS,RAS,
ml19_293a_0066_part27.wav,27,135,2:15,0.1403,RAS,RAS,
ml18_294b_0013_part22.wav,22,110,1:50,0.1403,RAS,RAS,
ml19_293a_0066_part65.wav,65,325,5:25,0.1403,RAS,RAS,
ml17_280a_0144_part121.wav,121,605,10:05,0.1402,RAS,RAS,
ml18_294b_0076_part74.wav,74,370,6:10,0.14,RAS,RAS,
ml17_280a_0144_part64.wav,64,320,5:20,0.1397,RAS,RAS,
ml18_294b_0076_part67.wav,67,335,5:35,0.1397,RAS,RAS,
ml17_280a_0088_part138.wav,138,690,11:30,0.1396,RAS,RAS,
ml17_280a_0088_part127.wav,127,635,10:35,0.1395,RAS,RAS,
ml18_294b_0013_part58.wav,58,290,4:50,0.1394,RAS,DOUTE,wind
ml17_280a_0088_part82.wav,82,410,6:50,0.1393,RAS,RAS,
ml17_280a_0088_part20.wav,20,100,1:40,0.1392,RAS,RAS,
ml18_294b_0013_part42.wav,42,210,3:30,0.1391,RAS,RAS,
ml19_293a_0066_part22.wav,22,110,1:50,0.139,RAS,RAS,
ml18_294b_0076_part22.wav,22,110,1:50,0.1389,RAS,RAS,
ml19_292a_0030_part20.wav,20,100,1:40,0.1388,RAS,RAS,
ml19_293a_0015_part62.wav,62,310,5:10,0.1382,RAS,RAS,
ml19_293a_0015_part119.wav,119,595,9:55,0.1382,RAS,RAS,
ml17_280a_0088_part41.wav,41,205,3:25,0.1382,RAS,RAS,
ml19_292b_0026_part14.wav,14,70,1:10,0.1381,RAS,RAS,
ml18_294b_0076_part21.wav,21,105,1:45,0.1381,RAS,RAS,
ml17_280a_0088_part12.wav,12,60,1:00,0.138,RAS,RAS,
ml17_280a_0144_part40.wav,40,200,3:20,0.1378,RAS,ANOMALIE,
ml19_292b_0026_part20.wav,20,100,1:40,0.1375,RAS,RAS,
ml17_280a_0144_part62.wav,62,310,5:10,0.1374,RAS,RAS,
ml17_280a_0088_part9.wav,9,45,0:45,0.1373,RAS,RAS,
ml19_293a_0015_part61.wav,61,305,5:05,0.1372,RAS,RAS,
ml18_296a_0007_part20.wav,20,100,1:40,0.1372,RAS,RAS,
ml18_294b_0042_part13.wav,13,65,1:05,0.137,RAS,RAS,
ml18_294b_0013_part50.wav,50,250,4:10,0.137,RAS,RAS,
ml17_280a_0144_part30.wav,30,150,2:30,0.1367,RAS,RAS,
ml17_280a_0088_part3.wav,3,15,0:15,0.1365,RAS,RAS,
ml19_293a_0066_part9.wav,9,45,0:45,0.1364,RAS,RAS,
ml19_292b_0026_part7.wav,7,35,0:35,0.136,RAS,RAS,
ml19_292b_0026_part115.wav,115,575,9:35,0.136,RAS,RAS,
ml17_280a_0088_part166.wav,166,830,13:50,0.136,RAS,RAS,
ml18_294b_0076_part77.wav,77,385,6:25,0.1359,RAS,RAS,
ml17_280a_0088_part118.wav,118,590,9:50,0.1357,RAS,RAS,
ml18_294b_0042_part35.wav,35,175,2:55,0.1357,RAS,RAS,
ml18_294b_0076_part40.wav,40,200,3:20,0.1356,RAS,RAS,
ml18_294b_0042_part46.wav,46,230,3:50,0.1354,RAS,RAS,
ml17_280a_0088_part32.wav,32,160,2:40,0.1354,RAS,RAS,
ml19_293a_0015_part79.wav,79,395,6:35,0.1353,RAS,RAS,
ml19_293a_0066_part5.wav,5,25,0:25,0.1351,RAS,RAS,
ml18_294b_0076_part12.wav,12,60,1:00,0.1351,RAS,RAS,
ml18_294b_0042_part45.wav,45,225,3:45,0.1348,RAS,RAS,
ml17_280a_0088_part51.wav,51,255,4:15,0.1348,RAS,RAS,
ml19_293a_0066_part36.wav,36,180,3:00,0.1346,RAS,RAS,
ml18_294b_0013_part10.wav,10,50,0:50,0.1346,RAS,DOUTE,
ml18_294b_0076_part5.wav,5,25,0:25,0.1346,RAS,RAS,
ml19_292a_0030_part92.wav,92,460,7:40,0.1344,RAS,RAS,
ml19_293a_0066_part10.wav,10,50,0:50,0.1344,RAS,RAS,
ml17_280a_0144_part85.wav,85,425,7:05,0.1342,RAS,RAS,
ml19_293a_0015_part49.wav,49,245,4:05,0.1342,RAS,RAS,
ml18_294b_0013_part35.wav,35,175,2:55,0.1341,RAS,DOUTE,wind
ml18_294b_0013_part25.wav,25,125,2:05,0.1341,RAS,DOUTE,wind
ml19_293a_0015_part28.wav,28,140,2:20,0.1337,RAS,RAS,
ml17_280a_0144_part81.wav,81,405,6:45,0.1335,RAS,RAS,
ml17_280a_0144_part60.wav,60,300,5:00,0.1335,RAS,RAS,
ml18_294b_0013_part55.wav,55,275,4:35,0.1334,RAS,DOUTE,wind
ml18_294b_0013_part67.wav,67,335,5:35,0.1334,RAS,DOUTE,wind
ml19_292b_0026_part86.wav,86,430,7:10,0.1334,RAS,RAS,
ml18_294b_0013_part46.wav,46,230,3:50,0.1331,RAS,DOUTE,wind
ml19_293a_0015_part6.wav,6,30,0:30,0.1331,RAS,RAS,
ml18_294b_0076_part7.wav,7,35,0:35,0.1331,RAS,RAS,
ml19_292b_0026_part84.wav,84,420,7:00,0.1329,RAS,RAS,
ml19_293a_0066_part90.wav,90,450,7:30,0.1329,RAS,RAS,
ml19_293a_0066_part37.wav,37,185,3:05,0.1328,RAS,RAS,
ml19_293a_0015_part32.wav,32,160,2:40,0.1328,RAS,DOUTE,wind
ml19_292a_0030_part26.wav,26,130,2:10,0.1327,RAS,RAS,
ml19_293a_0015_part99.wav,99,495,8:15,0.1326,RAS,RAS,
ml19_293a_0015_part91.wav,91,455,7:35,0.1324,RAS,RAS,
ml19_293a_0015_part76.wav,76,380,6:20,0.1324,RAS,RAS,
ml18_294b_0013_part69.wav,69,345,5:45,0.1323,RAS,RAS,
ml17_280a_0144_part46.wav,46,230,3:50,0.1321,RAS,RAS,
ml17_280a_0083_part43.wav,43,215,3:35,0.132,RAS,RAS,
ml18_294b_0013_part16.wav,16,80,1:20,0.1319,RAS,DOUTE,wind
ml18_294b_0076_part39.wav,39,195,3:15,0.1318,RAS,RAS,
ml19_293a_0066_part26.wav,26,130,2:10,0.1318,RAS,RAS,
ml19_292a_0007_part6.wav,6,30,0:30,0.1318,RAS,RAS,
ml18_294b_0013_part62.wav,62,310,5:10,0.1316,RAS,DOUTE,wind
ml18_294b_0013_part34.wav,34,170,2:50,0.1316,RAS,RAS,
ml17_280a_0088_part126.wav,126,630,10:30,0.1313,RAS,RAS,
ml17_280a_0088_part19.wav,19,95,1:35,0.1313,RAS,RAS,
ml19_293a_0015_part137.wav,137,685,11:25,0.1313,RAS,RAS,
ml17_280a_0088_part67.wav,67,335,5:35,0.1311,RAS,RAS,
ml17_280a_0144_part21.wav,21,105,1:45,0.131,RAS,RAS,
ml17_280a_0144_part63.wav,63,315,5:15,0.1307,RAS,RAS,
ml19_292a_0007_part10.wav,10,50,0:50,0.1305,RAS,RAS,
ml18_294b_0013_part18.wav,18,90,1:30,0.1305,RAS,DOUTE,wind
ml18_294b_0076_part85.wav,85,425,7:05,0.1304,RAS,RAS,
ml17_280a_0144_part93.wav,93,465,7:45,0.1303,RAS,RAS,
ml19_293a_0015_part72.wav,72,360,6:00,0.1302,RAS,RAS,
ml17_280a_0144_part146.wav,146,730,12:10,0.1302,RAS,RAS,
ml19_292a_0030_part51.wav,51,255,4:15,0.1302,RAS,RAS,
ml17_280a_0088_part48.wav,48,240,4:00,0.1302,RAS,RAS,
ml18_294b_0013_part57.wav,57,285,4:45,0.1301,RAS,RAS,
ml18_296a_0007_part13.wav,13,65,1:05,0.13,RAS,RAS,
ml19_293a_0066_part83.wav,83,415,6:55,0.13,RAS,RAS,
ml17_280a_0144_part19.wav,19,95,1:35,0.1298,RAS,RAS,
ml17_280a_0144_part109.wav,109,545,9:05,0.1296,RAS,RAS,
ml19_293a_0066_part3.wav,3,15,0:15,0.1294,RAS,RAS,
ml17_280a_0088_part103.wav,103,515,8:35,0.1293,RAS,RAS,
ml19_293a_0015_part53.wav,53,265,4:25,0.1293,RAS,RAS,
ml18_294b_0076_part27.wav,27,135,2:15,0.1293,RAS,RAS,
ml18_294b_0013_part7.wav,7,35,0:35,0.1292,RAS,ANOMALIE,
ml19_293a_0066_part76.wav,76,380,6:20,0.1292,RAS,RAS,
ml17_280a_0088_part62.wav,62,310,5:10,0.1289,RAS,RAS,
ml18_296a_0007_part19.wav,19,95,1:35,0.1288,RAS,RAS,
ml19_292a_0007_part3.wav,3,15,0:15,0.1287,RAS,RAS,
ml19_292a_0030_part5.wav,5,25,0:25,0.1287,RAS,RAS,
ml18_296a_0007_part21.wav,21,105,1:45,0.1286,RAS,RAS,
ml18_294b_0013_part95.wav,95,475,7:55,0.1284,RAS,ANOMALIE,
ml19_293a_0066_part33.wav,33,165,2:45,0.1283,RAS,RAS,
ml18_294b_0042_part38.wav,38,190,3:10,0.1283,RAS,RAS,
ml18_294b_0076_part51.wav,51,255,4:15,0.1283,RAS,RAS,
ml19_293a_0015_part121.wav,121,605,10:05,0.1283,RAS,RAS,
ml19_293a_0015_part39.wav,39,195,3:15,0.1283,RAS,RAS,
ml19_293a_0066_part53.wav,53,265,4:25,0.1282,RAS,RAS,
ml17_280a_0088_part27.wav,27,135,2:15,0.1282,RAS,RAS,
ml17_280a_0083_part61.wav,61,305,5:05,0.1281,RAS,RAS,
ml18_294b_0013_part64.wav,64,320,5:20,0.128,RAS,RAS,
ml18_294b_0076_part50.wav,50,250,4:10,0.1278,RAS,RAS,
ml19_292b_0026_part23.wav,23,115,1:55,0.1275,RAS,RAS,
ml17_280a_0088_part25.wav,25,125,2:05,0.1275,RAS,RAS,
ml19_293a_0066_part82.wav,82,410,6:50,0.1275,RAS,RAS,
ml19_292b_0026_part16.wav,16,80,1:20,0.1275,RAS,RAS,
ml19_293a_0015_part93.wav,93,465,7:45,0.1275,RAS,RAS,
ml17_280a_0144_part89.wav,89,445,7:25,0.1273,RAS,RAS,
ml19_292b_0026_part78.wav,78,390,6:30,0.1271,RAS,RAS,
ml17_280a_0088_part155.wav,155,775,12:55,0.127,RAS,RAS,
ml19_292b_0026_part49.wav,49,245,4:05,0.127,RAS,RAS,
ml18_294b_0042_part9.wav,9,45,0:45,0.1269,RAS,DOUTE,wind
ml18_294b_0076_part8.wav,8,40,0:40,0.1268,RAS,RAS,
ml17_280a_0088_part147.wav,147,735,12:15,0.1267,RAS,RAS,
ml17_280a_0088_part148.wav,148,740,12:20,0.1267,RAS,RAS,
ml17_280a_0088_part21.wav,21,105,1:45,0.1267,RAS,RAS,
ml17_280a_0144_part72.wav,72,360,6:00,0.1267,RAS,DOUTE,animal ?
ml18_294b_0076_part49.wav,49,245,4:05,0.1266,RAS,RAS,
ml19_292b_0026_part26.wav,26,130,2:10,0.1265,RAS,RAS,
ml17_280a_0088_part56.wav,56,280,4:40,0.1265,RAS,RAS,
ml18_294b_0076_part42.wav,42,210,3:30,0.1265,RAS,RAS,
ml18_294b_0076_part62.wav,62,310,5:10,0.1264,RAS,RAS,
ml19_293a_0066_part8.wav,8,40,0:40,0.1264,RAS,DOUTE,animal ?
ml18_294b_0042_part44.wav,44,220,3:40,0.1263,RAS,RAS,
ml18_294b_0076_part60.wav,60,300,5:00,0.1263,RAS,RAS,
ml17_280a_0088_part164.wav,164,820,13:40,0.1262,RAS,RAS,
ml19_292a_0007_part14.wav,14,70,1:10,0.1262,RAS,RAS,
ml19_293a_0015_part120.wav,120,600,10:00,0.126,RAS,RAS,
ml18_294b_0042_part6.wav,6,30,0:30,0.1259,RAS,RAS,
ml18_294b_0076_part56.wav,56,280,4:40,0.1259,RAS,RAS,
ml19_292b_0026_part3.wav,3,15,0:15,0.1258,RAS,RAS,
ml17_280a_0144_part68.wav,68,340,5:40,0.1257,RAS,DOUTE,animal ?
ml19_293a_0066_part41.wav,41,205,3:25,0.1257,RAS,RAS,
ml18_294b_0042_part29.wav,29,145,2:25,0.1256,RAS,RAS,
ml19_293a_0015_part2.wav,2,10,0:10,0.1255,RAS,RAS,
ml18_294b_0076_part82.wav,82,410,6:50,0.1252,RAS,RAS,
ml19_292b_0026_part33.wav,33,165,2:45,0.1251,RAS,RAS,
ml19_292a_0030_part77.wav,77,385,6:25,0.125,RAS,RAS,
ml17_280a_0144_part111.wav,111,555,9:15,0.1249,RAS,RAS,
ml18_294b_0013_part9.wav,9,45,0:45,0.1249,RAS,DOUTE,wind
ml18_294b_0042_part20.wav,20,100,1:40,0.1247,RAS,RAS,
ml18_294b_0076_part26.wav,26,130,2:10,0.1247,RAS,RAS,
ml18_294b_0042_part30.wav,30,150,2:30,0.1244,RAS,DOUTE,wind
ml19_292b_0026_part24.wav,24,120,2:00,0.1244,RAS,RAS,
ml19_293a_0015_part42.wav,42,210,3:30,0.1242,RAS,A_VALIDER,
ml17_280a_0088_part78.wav,78,390,6:30,0.1242,RAS,A_VALIDER,
ml18_294b_0042_part34.wav,34,170,2:50,0.1239,RAS,A_VALIDER,
ml19_293a_0066_part21.wav,21,105,1:45,0.1237,RAS,A_VALIDER,
ml17_280a_0144_part34.wav,34,170,2:50,0.1236,RAS,A_VALIDER,
ml19_293a_0015_part21.wav,21,105,1:45,0.1236,RAS,A_VALIDER,
ml18_294b_0042_part7.wav,7,35,0:35,0.1235,RAS,A_VALIDER,
ml19_293a_0066_part78.wav,78,390,6:30,0.1234,RAS,A_VALIDER,
ml17_280a_0088_part106.wav,106,530,8:50,0.1234,RAS,A_VALIDER,
ml17_280a_0144_part126.wav,126,630,10:30,0.1233,RAS,A_VALIDER,
ml17_280a_0088_part79.wav,79,395,6:35,0.1232,RAS,A_VALIDER,
ml19_292a_0030_part54.wav,54,270,4:30,0.1231,RAS,A_VALIDER,
ml18_294b_0013_part41.wav,41,205,3:25,0.123,RAS,A_VALIDER,
ml17_280a_0088_part94.wav,94,470,7:50,0.123,RAS,A_VALIDER,
ml18_294b_0013_part20.wav,20,100,1:40,0.1229,RAS,A_VALIDER,
ml19_293a_0015_part44.wav,44,220,3:40,0.1228,RAS,A_VALIDER,
ml17_280a_0144_part83.wav,83,415,6:55,0.1228,RAS,A_VALIDER,
ml19_292a_0007_part18.wav,18,90,1:30,0.1227,RAS,A_VALIDER,
ml17_280a_0144_part25.wav,25,125,2:05,0.1227,RAS,A_VALIDER,
ml18_294b_0042_part5.wav,5,25,0:25,0.1226,RAS,A_VALIDER,
ml18_294b_0076_part13.wav,13,65,1:05,0.1224,RAS,A_VALIDER,
ml19_293a_0066_part88.wav,88,440,7:20,0.1224,RAS,A_VALIDER,
ml18_294b_0076_part61.wav,61,305,5:05,0.1223,RAS,A_VALIDER,
ml19_293a_0015_part106.wav,106,530,8:50,0.1223,RAS,A_VALIDER,
ml18_296a_0007_part12.wav,12,60,1:00,0.1223,RAS,A_VALIDER,
ml19_293a_0015_part113.wav,113,565,9:25,0.1221,RAS,A_VALIDER,
ml17_280a_0144_part7.wav,7,35,0:35,0.1221,RAS,A_VALIDER,
ml19_292a_0030_part84.wav,84,420,7:00,0.122,RAS,A_VALIDER,
ml18_294b_0042_part40.wav,40,200,3:20,0.122,RAS,A_VALIDER,
ml17_280a_0088_part49.wav,49,245,4:05,0.122,RAS,A_VALIDER,
ml18_294b_0076_part68.wav,68,340,5:40,0.122,RAS,A_VALIDER,
ml18_294b_0076_part44.wav,44,220,3:40,0.122,RAS,A_VALIDER,
ml18_294b_0076_part46.wav,46,230,3:50,0.1219,RAS,A_VALIDER,
ml19_292b_0026_part22.wav,22,110,1:50,0.1219,RAS,A_VALIDER,
ml19_292a_0030_part17.wav,17,85,1:25,0.1219,RAS,A_VALIDER,
ml19_293a_0015_part84.wav,84,420,7:00,0.1219,RAS,A_VALIDER,
ml19_293a_0015_part57.wav,57,285,4:45,0.1218,RAS,A_VALIDER,
ml19_292a_0030_part13.wav,13,65,1:05,0.1217,RAS,A_VALIDER,
ml17_280a_0144_part41.wav,41,205,3:25,0.1217,RAS,A_VALIDER,
ml18_294b_0013_part24.wav,24,120,2:00,0.1217,RAS,A_VALIDER,
ml17_280a_0088_part18.wav,18,90,1:30,0.1216,RAS,A_VALIDER,
ml17_280a_0088_part35.wav,35,175,2:55,0.1215,RAS,A_VALIDER,
ml18_294b_0013_part56.wav,56,280,4:40,0.1214,RAS,A_VALIDER,
ml17_280a_0088_part68.wav,68,340,5:40,0.1214,RAS,A_VALIDER,
ml19_293a_0066_part4.wav,4,20,0:20,0.1212,RAS,A_VALIDER,
ml18_294b_0042_part32.wav,32,160,2:40,0.1212,RAS,A_VALIDER,
ml18_294b_0076_part24.wav,24,120,2:00,0.1212,RAS,A_VALIDER,
ml18_294b_0076_part31.wav,31,155,2:35,0.1212,RAS,A_VALIDER,
ml19_292a_0030_part60.wav,60,300,5:00,0.1211,RAS,A_VALIDER,
ml17_280a_0144_part120.wav,120,600,10:00,0.1211,RAS,A_VALIDER,
ml19_292b_0026_part15.wav,15,75,1:15,0.1211,RAS,A_VALIDER,
ml17_280a_0144_part158.wav,158,790,13:10,0.121,RAS,A_VALIDER,
ml17_280a_0088_part70.wav,70,350,5:50,0.121,RAS,A_VALIDER,
ml19_293a_0066_part19.wav,19,95,1:35,0.1209,RAS,A_VALIDER,
ml17_280a_0088_part119.wav,119,595,9:55,0.1208,RAS,A_VALIDER,
ml19_293a_0015_part115.wav,115,575,9:35,0.1206,RAS,A_VALIDER,
ml19_292b_0026_part17.wav,17,85,1:25,0.1205,RAS,A_VALIDER,
ml19_292a_0030_part9.wav,9,45,0:45,0.1204,RAS,A_VALIDER,
ml17_280a_0088_part105.wav,105,525,8:45,0.1204,RAS,A_VALIDER,
ml19_293a_0066_part11.wav,11,55,0:55,0.1204,RAS,A_VALIDER,
ml19_292a_0030_part0.wav,0,0,0:00,0.1202,RAS,A_VALIDER,
ml19_293a_0015_part43.wav,43,215,3:35,0.1199,RAS,A_VALIDER,
ml17_280a_0088_part7.wav,7,35,0:35,0.1197,RAS,A_VALIDER,
ml19_293a_0015_part98.wav,98,490,8:10,0.1196,RAS,A_VALIDER,
ml18_294b_0076_part10.wav,10,50,0:50,0.1194,RAS,A_VALIDER,
ml17_280a_0088_part132.wav,132,660,11:00,0.1194,RAS,A_VALIDER,
ml18_294b_0076_part15.wav,15,75,1:15,0.1194,RAS,A_VALIDER,
ml19_292b_0026_part25.wav,25,125,2:05,0.1194,RAS,A_VALIDER,
ml17_280a_0088_part74.wav,74,370,6:10,0.1192,RAS,A_VALIDER,
ml19_292a_0030_part58.wav,58,290,4:50,0.1192,RAS,A_VALIDER,
ml19_292a_0007_part27.wav,27,135,2:15,0.119,RAS,A_VALIDER,
ml18_294b_0013_part6.wav,6,30,0:30,0.119,RAS,A_VALIDER,
ml19_293a_0015_part126.wav,126,630,10:30,0.1189,RAS,A_VALIDER,
ml18_294b_0042_part1.wav,1,5,0:05,0.1188,RAS,A_VALIDER,
ml18_294b_0013_part87.wav,87,435,7:15,0.1188,RAS,A_VALIDER,
ml17_280a_0088_part0.wav,0,0,0:00,0.1186,RAS,A_VALIDER,
ml17_280a_0144_part5.wav,5,25,0:25,0.1185,RAS,A_VALIDER,
ml19_293a_0015_part63.wav,63,315,5:15,0.1185,RAS,A_VALIDER,
ml17_280a_0088_part123.wav,123,615,10:15,0.1184,RAS,A_VALIDER,
ml19_293a_0066_part52.wav,52,260,4:20,0.1184,RAS,A_VALIDER,
ml18_294b_0042_part48.wav,48,240,4:00,0.1184,RAS,A_VALIDER,
ml19_292b_0026_part6.wav,6,30,0:30,0.1182,RAS,A_VALIDER,
ml17_280a_0088_part109.wav,109,545,9:05,0.1182,RAS,A_VALIDER,
ml19_293a_0015_part46.wav,46,230,3:50,0.1181,RAS,A_VALIDER,
ml19_293a_0015_part71.wav,71,355,5:55,0.118,RAS,A_VALIDER,
ml19_293a_0015_part124.wav,124,620,10:20,0.118,RAS,A_VALIDER,
ml19_292a_0030_part64.wav,64,320,5:20,0.1178,RAS,A_VALIDER,
ml17_280a_0144_part147.wav,147,735,12:15,0.1177,RAS,A_VALIDER,
ml18_294b_0042_part31.wav,31,155,2:35,0.1176,RAS,A_VALIDER,
ml18_294b_0042_part3.wav,3,15,0:15,0.1176,RAS,A_VALIDER,
ml18_294b_0042_part47.wav,47,235,3:55,0.1175,RAS,A_VALIDER,
ml19_292a_0007_part41.wav,41,205,3:25,0.1175,RAS,A_VALIDER,
ml17_280a_0088_part15.wav,15,75,1:15,0.1174,RAS,A_VALIDER,
ml17_280a_0088_part22.wav,22,110,1:50,0.1174,RAS,A_VALIDER,
ml18_294b_0042_part25.wav,25,125,2:05,0.1173,RAS,A_VALIDER,
ml17_280a_0088_part100.wav,100,500,8:20,0.1173,RAS,A_VALIDER,
ml19_293a_0015_part65.wav,65,325,5:25,0.1173,RAS,A_VALIDER,
ml17_280a_0088_part160.wav,160,800,13:20,0.1172,RAS,A_VALIDER,
ml19_293a_0015_part136.wav,136,680,11:20,0.1171,RAS,A_VALIDER,
ml19_293a_0015_part20.wav,20,100,1:40,0.1171,RAS,A_VALIDER,
ml17_280a_0088_part23.wav,23,115,1:55,0.1171,RAS,A_VALIDER,
ml18_296a_0007_part8.wav,8,40,0:40,0.117,RAS,A_VALIDER,
ml19_293a_0066_part56.wav,56,280,4:40,0.1169,RAS,A_VALIDER,
ml18_294b_0013_part13.wav,13,65,1:05,0.1169,RAS,A_VALIDER,
ml19_292a_0030_part74.wav,74,370,6:10,0.1169,RAS,A_VALIDER,
ml19_292b_0026_part82.wav,82,410,6:50,0.1169,RAS,A_VALIDER,
ml19_292a_0007_part11.wav,11,55,0:55,0.1168,RAS,A_VALIDER,
ml18_294b_0042_part11.wav,11,55,0:55,0.1167,RAS,A_VALIDER,
ml17_280a_0088_part54.wav,54,270,4:30,0.1167,RAS,A_VALIDER,
ml17_280a_0088_part116.wav,116,580,9:40,0.1166,RAS,A_VALIDER,
ml18_294b_0076_part76.wav,76,380,6:20,0.1164,RAS,A_VALIDER,
ml19_293a_0015_part54.wav,54,270,4:30,0.1164,RAS,A_VALIDER,
ml17_280a_0088_part141.wav,141,705,11:45,0.1163,RAS,A_VALIDER,
ml17_280a_0088_part113.wav,113,565,9:25,0.1163,RAS,A_VALIDER,
ml19_293a_0015_part111.wav,111,555,9:15,0.1163,RAS,A_VALIDER,
ml17_280a_0088_part145.wav,145,725,12:05,0.1161,RAS,A_VALIDER,
ml18_294b_0076_part33.wav,33,165,2:45,0.1159,RAS,A_VALIDER,
ml17_280a_0088_part159.wav,159,795,13:15,0.1158,RAS,A_VALIDER,
ml17_280a_0088_part107.wav,107,535,8:55,0.1156,RAS,A_VALIDER,
ml18_294b_0042_part50.wav,50,250,4:10,0.1156,RAS,A_VALIDER,
ml17_280a_0083_part50.wav,50,250,4:10,0.1156,RAS,A_VALIDER,
ml18_294b_0076_part71.wav,71,355,5:55,0.1156,RAS,A_VALIDER,
ml17_280a_0144_part58.wav,58,290,4:50,0.1155,RAS,A_VALIDER,
ml19_293a_0015_part7.wav,7,35,0:35,0.1154,RAS,A_VALIDER,
ml19_293a_0015_part100.wav,100,500,8:20,0.1153,RAS,A_VALIDER,
ml19_292a_0030_part1.wav,1,5,0:05,0.1152,RAS,A_VALIDER,
ml19_293a_0066_part6.wav,6,30,0:30,0.1148,RAS,A_VALIDER,
ml19_293a_0015_part77.wav,77,385,6:25,0.1148,RAS,A_VALIDER,
ml19_292b_0026_part38.wav,38,190,3:10,0.1148,RAS,A_VALIDER,
ml19_292a_0030_part30.wav,30,150,2:30,0.1148,RAS,A_VALIDER,
ml17_280a_0088_part163.wav,163,815,13:35,0.1147,RAS,A_VALIDER,
ml18_294b_0076_part79.wav,79,395,6:35,0.1147,RAS,A_VALIDER,
ml17_280a_0088_part135.wav,135,675,11:15,0.1146,RAS,A_VALIDER,
ml18_294b_0076_part37.wav,37,185,3:05,0.1145,RAS,A_VALIDER,
ml19_293a_0015_part0.wav,0,0,0:00,0.1143,RAS,A_VALIDER,
ml18_294b_0076_part65.wav,65,325,5:25,0.1143,RAS,A_VALIDER,
ml19_293a_0066_part61.wav,61,305,5:05,0.1143,RAS,A_VALIDER,
ml19_293a_0015_part96.wav,96,480,8:00,0.1143,RAS,A_VALIDER,
ml19_292a_0030_part80.wav,80,400,6:40,0.1142,RAS,A_VALIDER,
ml18_294b_0042_part19.wav,19,95,1:35,0.1142,RAS,A_VALIDER,
ml18_294b_0076_part45.wav,45,225,3:45,0.1141,RAS,A_VALIDER,
ml18_294b_0013_part72.wav,72,360,6:00,0.114,RAS,A_VALIDER,
ml17_280a_0144_part28.wav,28,140,2:20,0.114,RAS,A_VALIDER,
ml18_294b_0013_part60.wav,60,300,5:00,0.1137,RAS,A_VALIDER,
ml18_294b_0076_part29.wav,29,145,2:25,0.1137,RAS,A_VALIDER,
ml19_293a_0015_part122.wav,122,610,10:10,0.1137,RAS,A_VALIDER,
ml19_293a_0015_part10.wav,10,50,0:50,0.1136,RAS,A_VALIDER,
ml17_280a_0088_part130.wav,130,650,10:50,0.1135,RAS,A_VALIDER,
ml18_294b_0076_part35.wav,35,175,2:55,0.1135,RAS,A_VALIDER,
ml17_280a_0144_part125.wav,125,625,10:25,0.1135,RAS,A_VALIDER,
ml17_280a_0088_part92.wav,92,460,7:40,0.1135,RAS,A_VALIDER,
ml19_292a_0030_part32.wav,32,160,2:40,0.1134,RAS,A_VALIDER,
ml17_280a_0088_part143.wav,143,715,11:55,0.1128,RAS,A_VALIDER,
ml17_280a_0144_part117.wav,117,585,9:45,0.1128,RAS,A_VALIDER,
ml17_280a_0083_part53.wav,53,265,4:25,0.1127,RAS,A_VALIDER,
ml18_294b_0013_part33.wav,33,165,2:45,0.1123,RAS,A_VALIDER,
ml18_294b_0042_part39.wav,39,195,3:15,0.1122,RAS,A_VALIDER,
ml18_294b_0013_part30.wav,30,150,2:30,0.1122,RAS,A_VALIDER,
ml19_292b_0026_part27.wav,27,135,2:15,0.1122,RAS,A_VALIDER,
ml18_294b_0013_part83.wav,83,415,6:55,0.1118,RAS,A_VALIDER,
ml17_280a_0088_part88.wav,88,440,7:20,0.1118,RAS,A_VALIDER,
ml19_293a_0066_part45.wav,45,225,3:45,0.1117,RAS,A_VALIDER,
ml17_280a_0088_part86.wav,86,430,7:10,0.1116,RAS,A_VALIDER,
ml19_293a_0015_part130.wav,130,650,10:50,0.1116,RAS,A_VALIDER,
ml17_280a_0088_part55.wav,55,275,4:35,0.1116,RAS,A_VALIDER,
ml19_292a_0030_part34.wav,34,170,2:50,0.1116,RAS,A_VALIDER,
ml18_294b_0076_part38.wav,38,190,3:10,0.1116,RAS,A_VALIDER,
ml19_292a_0030_part41.wav,41,205,3:25,0.1114,RAS,A_VALIDER,
ml19_293a_0015_part14.wav,14,70,1:10,0.1113,RAS,A_VALIDER,
ml19_293a_0066_part71.wav,71,355,5:55,0.1111,RAS,A_VALIDER,
ml19_292a_0007_part29.wav,29,145,2:25,0.111,RAS,A_VALIDER,
ml17_280a_0144_part47.wav,47,235,3:55,0.111,RAS,A_VALIDER,
ml17_280a_0088_part87.wav,87,435,7:15,0.1109,RAS,A_VALIDER,
ml19_293a_0015_part80.wav,80,400,6:40,0.1108,RAS,A_VALIDER,
ml19_292a_0030_part35.wav,35,175,2:55,0.1106,RAS,A_VALIDER,
ml17_280a_0088_part38.wav,38,190,3:10,0.1106,RAS,A_VALIDER,
ml19_292a_0007_part4.wav,4,20,0:20,0.1106,RAS,A_VALIDER,
ml18_294b_0076_part18.wav,18,90,1:30,0.1105,RAS,A_VALIDER,
ml17_280a_0144_part57.wav,57,285,4:45,0.1104,RAS,A_VALIDER,
ml19_293a_0066_part68.wav,68,340,5:40,0.1104,RAS,A_VALIDER,
ml17_280a_0144_part42.wav,42,210,3:30,0.1104,RAS,A_VALIDER,
ml18_294b_0076_part52.wav,52,260,4:20,0.1104,RAS,A_VALIDER,
ml19_292b_0026_part28.wav,28,140,2:20,0.1101,RAS,A_VALIDER,
ml19_292a_0007_part9.wav,9,45,0:45,0.1101,RAS,A_VALIDER,
ml17_280a_0144_part3.wav,3,15,0:15,0.11,RAS,A_VALIDER,
ml18_294b_0042_part12.wav,12,60,1:00,0.11,RAS,A_VALIDER,
ml17_280a_0088_part124.wav,124,620,10:20,0.1099,RAS,A_VALIDER,
ml17_280a_0083_part56.wav,56,280,4:40,0.1099,RAS,A_VALIDER,
ml17_280a_0088_part97.wav,97,485,8:05,0.1099,RAS,A_VALIDER,
ml18_294b_0076_part19.wav,19,95,1:35,0.1098,RAS,A_VALIDER,
ml17_280a_0144_part118.wav,118,590,9:50,0.1097,RAS,A_VALIDER,
ml17_280a_0088_part46.wav,46,230,3:50,0.1092,RAS,A_VALIDER,
ml19_293a_0015_part13.wav,13,65,1:05,0.1092,RAS,A_VALIDER,
ml17_280a_0088_part37.wav,37,185,3:05,0.1092,RAS,A_VALIDER,
ml19_292a_0030_part50.wav,50,250,4:10,0.1091,RAS,A_VALIDER,
ml17_280a_0088_part129.wav,129,645,10:45,0.1091,RAS,A_VALIDER,
ml19_292b_0026_part34.wav,34,170,2:50,0.1091,RAS,A_VALIDER,
ml17_280a_0088_part28.wav,28,140,2:20,0.1087,RAS,A_VALIDER,
ml18_294b_0076_part14.wav,14,70,1:10,0.1085,RAS,A_VALIDER,
ml19_293a_0015_part95.wav,95,475,7:55,0.1084,RAS,A_VALIDER,
ml19_293a_0015_part16.wav,16,80,1:20,0.1084,RAS,A_VALIDER,
ml19_292a_0007_part8.wav,8,40,0:40,0.1083,RAS,A_VALIDER,
ml17_280a_0144_part38.wav,38,190,3:10,0.1083,RAS,A_VALIDER,
ml18_294b_0042_part33.wav,33,165,2:45,0.1083,RAS,A_VALIDER,
ml18_294b_0076_part75.wav,75,375,6:15,0.1082,RAS,A_VALIDER,
ml17_280a_0088_part5.wav,5,25,0:25,0.1081,RAS,A_VALIDER,
ml18_294b_0076_part30.wav,30,150,2:30,0.1081,RAS,A_VALIDER,
ml17_280a_0144_part70.wav,70,350,5:50,0.1081,RAS,A_VALIDER,
ml18_294b_0076_part2.wav,2,10,0:10,0.1078,RAS,A_VALIDER,
ml17_280a_0088_part84.wav,84,420,7:00,0.1077,RAS,A_VALIDER,
ml18_294b_0013_part79.wav,79,395,6:35,0.1077,RAS,A_VALIDER,
ml18_294b_0042_part17.wav,17,85,1:25,0.1076,RAS,A_VALIDER,
ml19_292a_0030_part40.wav,40,200,3:20,0.1069,RAS,A_VALIDER,
ml17_280a_0088_part50.wav,50,250,4:10,0.1068,RAS,A_VALIDER,
ml19_293a_0066_part31.wav,31,155,2:35,0.1067,RAS,A_VALIDER,
ml18_294b_0076_part72.wav,72,360,6:00,0.1065,RAS,A_VALIDER,
ml17_280a_0088_part63.wav,63,315,5:15,0.1062,RAS,A_VALIDER,
ml19_292a_0030_part88.wav,88,440,7:20,0.106,RAS,A_VALIDER,
ml19_292a_0030_part12.wav,12,60,1:00,0.106,RAS,A_VALIDER,
ml17_280a_0088_part24.wav,24,120,2:00,0.1056,RAS,A_VALIDER,
ml19_293a_0066_part46.wav,46,230,3:50,0.1056,RAS,A_VALIDER,
ml19_292a_0030_part27.wav,27,135,2:15,0.1056,RAS,A_VALIDER,
ml19_293a_0015_part51.wav,51,255,4:15,0.1054,RAS,A_VALIDER,
ml18_294b_0013_part88.wav,88,440,7:20,0.1051,RAS,A_VALIDER,
ml19_293a_0015_part59.wav,59,295,4:55,0.1051,RAS,A_VALIDER,
ml19_293a_0015_part69.wav,69,345,5:45,0.105,RAS,A_VALIDER,
ml19_293a_0066_part44.wav,44,220,3:40,0.105,RAS,A_VALIDER,
ml19_292a_0030_part47.wav,47,235,3:55,0.1048,RAS,A_VALIDER,
ml19_292a_0007_part40.wav,40,200,3:20,0.1047,RAS,RAS,
ml19_292a_0007_part24.wav,24,120,2:00,0.1047,RAS,A_VALIDER,
ml17_280a_0088_part144.wav,144,720,12:00,0.1042,RAS,A_VALIDER,
ml19_293a_0015_part66.wav,66,330,5:30,0.1042,RAS,A_VALIDER,
ml19_293a_0015_part85.wav,85,425,7:05,0.104,RAS,A_VALIDER,
ml19_293a_0015_part105.wav,105,525,8:45,0.1035,RAS,A_VALIDER,
ml18_296a_0007_part0.wav,0,0,0:00,0.1031,RAS,RAS,
ml19_292a_0007_part5.wav,5,25,0:25,0.1031,RAS,RAS,
ml17_280a_0144_part141.wav,141,705,11:45,0.1031,RAS,RAS,
ml19_292a_0030_part28.wav,28,140,2:20,0.103,RAS,RAS,
ml19_293a_0015_part74.wav,74,370,6:10,0.103,RAS,RAS,
ml17_280a_0144_part65.wav,65,325,5:25,0.103,RAS,RAS,
ml19_293a_0066_part93.wav,93,465,7:45,0.1026,RAS,RAS,
ml17_280a_0088_part150.wav,150,750,12:30,0.1025,RAS,RAS,
ml19_292b_0026_part21.wav,21,105,1:45,0.1024,RAS,RAS,
ml19_293a_0066_part54.wav,54,270,4:30,0.1023,RAS,RAS,
ml18_294b_0013_part94.wav,94,470,7:50,0.1023,RAS,RAS,
ml17_280a_0088_part65.wav,65,325,5:25,0.1023,RAS,RAS,
ml19_293a_0015_part73.wav,73,365,6:05,0.1022,RAS,RAS,
ml18_296a_0007_part23.wav,23,115,1:55,0.1022,RAS,RAS,
ml17_280a_0088_part156.wav,156,780,13:00,0.1022,RAS,RAS,
ml19_292a_0030_part24.wav,24,120,2:00,0.1022,RAS,RAS,
ml17_280a_0088_part52.wav,52,260,4:20,0.1021,RAS,RAS,
ml17_280a_0083_part71.wav,71,355,5:55,0.1019,RAS,RAS,
ml17_280a_0088_part99.wav,99,495,8:15,0.1017,RAS,RAS,
ml18_294b_0042_part23.wav,23,115,1:55,0.1016,RAS,RAS,
ml17_280a_0088_part136.wav,136,680,11:20,0.1015,RAS,RAS,
ml17_280a_0088_part44.wav,44,220,3:40,0.1014,RAS,RAS,
ml19_293a_0015_part86.wav,86,430,7:10,0.1012,RAS,RAS,
ml19_292a_0030_part89.wav,89,445,7:25,0.1011,RAS,RAS,
ml17_280a_0144_part51.wav,51,255,4:15,0.1011,RAS,RAS,
ml17_280a_0144_part45.wav,45,225,3:45,0.101,RAS,RAS,
ml17_280a_0088_part1.wav,1,5,0:05,0.1009,RAS,RAS,
ml19_292a_0030_part31.wav,31,155,2:35,0.1008,RAS,RAS,
ml19_292a_0030_part18.wav,18,90,1:30,0.1008,RAS,RAS,
ml19_292a_0030_part16.wav,16,80,1:20,0.1008,RAS,RAS,
ml17_280a_0144_part61.wav,61,305,5:05,0.1008,RAS,RAS,
ml19_293a_0015_part60.wav,60,300,5:00,0.1006,RAS,RAS,
ml19_293a_0015_part55.wav,55,275,4:35,0.1005,RAS,RAS,
ml17_280a_0088_part91.wav,91,455,7:35,0.1005,RAS,RAS,
ml19_292a_0030_part45.wav,45,225,3:45,0.1002,RAS,RAS,
ml17_280a_0083_part62.wav,62,310,5:10,0.1002,RAS,RAS,
ml17_280a_0088_part47.wav,47,235,3:55,0.1001,RAS,RAS,
ml17_280a_0088_part95.wav,95,475,7:55,0.1,RAS,RAS,
ml18_294b_0042_part49.wav,49,245,4:05,0.1,RAS,RAS,
ml19_292a_0030_part25.wav,25,125,2:05,0.1,RAS,RAS,
ml19_293a_0066_part69.wav,69,345,5:45,0.1,RAS,RAS,
ml19_292a_0007_part26.wav,26,130,2:10,0.0999,RAS,RAS,
ml18_294b_0076_part47.wav,47,235,3:55,0.0999,RAS,RAS,
ml19_293a_0015_part9.wav,9,45,0:45,0.0997,RAS,RAS,
ml19_293a_0015_part45.wav,45,225,3:45,0.0992,RAS,RAS,
