Source Audio,Part,Début (min:sec),Distance_Noise,Distance_Anomaly,Status,Detection_Reason,Validation_Humaine
ml17_280a_0083_part31.wav,31,2:35,0.6224,0.5603,ANOMALIE,Ecart bruit,A_VALIDER
ml17_280a_0083_part37.wav,37,3:05,0.5946,0.5741,ANOMALIE,Ecart bruit,A_VALIDER
ml17_280a_0083_part77.wav,77,6:25,0.5942,0.5575,ANOMALIE,Ecart bruit,A_VALIDER
ml17_280a_0083_part29.wav,29,2:25,0.5872,0.5589,ANOMALIE,Ecart bruit,A_VALIDER
ml17_280a_0083_part32.wav,32,2:40,0.5841,0.5587,ANOMALIE,Ecart bruit,A_VALIDER
ml17_280a_0083_part33.wav,33,2:45,0.5833,0.5296,ANOMALIE,Ecart bruit,A_VALIDER
ml17_280a_0083_part0.wav,0,0:00,0.5821,0.5732,ANOMALIE,Ecart bruit,A_VALIDER
ml17_280a_0083_part36.wav,36,3:00,0.5651,0.5455,ANOMALIE,Ecart bruit,A_VALIDER
ml17_280a_0083_part2.wav,2,0:10,0.5573,0.5448,ANOMALIE,Ecart bruit,A_VALIDER
ml17_280a_0083_part6.wav,6,0:30,0.5531,0.5183,ANOMALIE,Ecart bruit,A_VALIDER
ml17_280a_0083_part41.wav,41,3:25,0.5452,0.522,ANOMALIE,Ecart bruit,A_VALIDER
ml17_280a_0083_part39.wav,39,3:15,0.5452,0.5164,ANOMALIE,Ecart bruit,A_VALIDER
ml17_280a_0083_part27.wav,27,2:15,0.543,0.5236,ANOMALIE,Ecart bruit,A_VALIDER
ml17_280a_0083_part83.wav,83,6:55,0.5428,0.4973,ANOMALIE,Ecart bruit,A_VALIDER
ml17_280a_0083_part25.wav,25,2:05,0.5416,0.5233,ANOMALIE,Ecart bruit,A_VALIDER
ml17_280a_0083_part72.wav,72,6:00,0.5413,0.4804,ANOMALIE,Ecart bruit,A_VALIDER
ml17_280a_0083_part81.wav,81,6:45,0.5368,0.5,ANOMALIE,Ecart bruit,A_VALIDER
ml17_280a_0083_part84.wav,84,7:00,0.5367,0.4837,ANOMALIE,Ecart bruit,A_VALIDER
ml17_280a_0083_part7.wav,7,0:35,0.5359,0.5177,ANOMALIE,Ecart bruit,A_VALIDER
ml17_280a_0083_part14.wav,14,1:10,0.5312,0.49,ANOMALIE,Ecart bruit,A_VALIDER
ml17_280a_0083_part30.wav,30,2:30,0.5285,0.4979,ANOMALIE,Ecart bruit,A_VALIDER
ml17_280a_0083_part28.wav,28,2:20,0.5257,0.4874,ANOMALIE,Ecart bruit,A_VALIDER
ml17_280a_0083_part13.wav,13,1:05,0.5216,0.484,ANOMALIE,Ecart bruit,A_VALIDER
ml17_280a_0083_part23.wav,23,1:55,0.5192,0.4852,ANOMALIE,Ecart bruit,A_VALIDER
ml19_293a_0066_part57.wav,57,4:45,0.5133,0.5316,ANOMALIE,Ecart bruit,A_VALIDER
ml17_280a_0083_part9.wav,9,0:45,0.5075,0.4613,ANOMALIE,Ecart bruit,A_VALIDER
ml17_280a_0083_part4.wav,4,0:20,0.5064,0.4716,ANOMALIE,Ecart bruit,A_VALIDER
ml17_280a_0083_part20.wav,20,1:40,0.5021,0.4639,ANOMALIE,Ecart bruit,A_VALIDER
ml17_280a_0083_part24.wav,24,2:00,0.4989,0.4614,ANOMALIE,Ecart bruit,A_VALIDER
ml17_280a_0083_part21.wav,21,1:45,0.4955,0.4789,ANOMALIE,Ecart bruit,A_VALIDER
ml17_280a_0083_part75.wav,75,6:15,0.4953,0.4742,ANOMALIE,Ecart bruit,A_VALIDER
ml17_280a_0083_part10.wav,10,0:50,0.4813,0.4547,ANOMALIE,Ecart bruit,A_VALIDER
ml17_280a_0144_part54.wav,54,4:30,0.479,0.4772,ANOMALIE,Ecart bruit,A_VALIDER
ml17_280a_0083_part26.wav,26,2:10,0.4768,0.4381,ANOMALIE,Ecart bruit,A_VALIDER
ml17_280a_0083_part17.wav,17,1:25,0.4752,0.4548,ANOMALIE,Ecart bruit,A_VALIDER
ml17_280a_0083_part8.wav,8,0:40,0.4751,0.4522,ANOMALIE,Ecart bruit,A_VALIDER
ml17_280a_0083_part34.wav,34,2:50,0.472,0.4479,ANOMALIE,Ecart bruit,A_VALIDER
ml17_280a_0083_part15.wav,15,1:15,0.4708,0.4524,ANOMALIE,Ecart bruit,A_VALIDER
ml17_280a_0083_part11.wav,11,0:55,0.4648,0.4398,ANOMALIE,Ecart bruit,A_VALIDER
ml19_292a_0030_part61.wav,61,5:05,0.4578,0.4405,ANOMALIE,Ecart bruit,A_VALIDER
ml19_293a_0066_part59.wav,59,4:55,0.4422,0.4129,ANOMALIE,Ecart bruit,A_VALIDER
ml17_280a_0083_part16.wav,16,1:20,0.4397,0.4135,ANOMALIE,Ecart bruit,A_VALIDER
ml17_280a_0083_part74.wav,74,6:10,0.4348,0.3902,ANOMALIE,Ecart bruit,A_VALIDER
ml19_292a_0030_part73.wav,73,6:05,0.4314,0.4282,ANOMALIE,Ecart bruit,A_VALIDER
ml17_280a_0083_part19.wav,19,1:35,0.4289,0.4109,ANOMALIE,Ecart bruit,A_VALIDER
ml17_280a_0083_part76.wav,76,6:20,0.4286,0.3955,ANOMALIE,Ecart bruit,A_VALIDER
ml17_280a_0083_part12.wav,12,1:00,0.4244,0.3833,ANOMALIE,Ecart bruit,A_VALIDER
ml17_280a_0144_part96.wav,96,8:00,0.4117,0.3766,ANOMALIE,Ecart bruit,A_VALIDER
ml19_292b_0026_part90.wav,90,7:30,0.4085,0.4135,ANOMALIE,Ecart bruit,A_VALIDER
ml17_280a_0083_part80.wav,80,6:40,0.4058,0.3278,ANOMALIE,Ecart bruit,A_VALIDER
ml17_280a_0144_part52.wav,52,4:20,0.4029,0.3907,ANOMALIE,Ecart bruit,A_VALIDER
ml17_280a_0083_part70.wav,70,5:50,0.4009,0.3616,ANOMALIE,Ecart bruit,A_VALIDER
ml17_280a_0144_part105.wav,105,8:45,0.3991,0.3599,ANOMALIE,Ecart bruit,A_VALIDER
ml19_293a_0066_part60.wav,60,5:00,0.3988,0.3849,ANOMALIE,Ecart bruit,A_VALIDER
ml17_280a_0144_part50.wav,50,4:10,0.3988,0.369,ANOMALIE,Ecart bruit,A_VALIDER
ml17_280a_0083_part22.wav,22,1:50,0.397,0.3437,ANOMALIE,Ecart bruit,A_VALIDER
ml17_280a_0083_part18.wav,18,1:30,0.3938,0.3471,ANOMALIE,Ecart bruit,A_VALIDER
ml19_292b_0026_part58.wav,58,4:50,0.3906,0.3587,ANOMALIE,Ecart bruit,A_VALIDER
ml17_280a_0083_part49.wav,49,4:05,0.3838,0.3501,ANOMALIE,Ecart bruit,A_VALIDER
ml17_280a_0083_part78.wav,78,6:30,0.3738,0.3293,ANOMALIE,Ecart bruit,A_VALIDER
ml18_296a_0007_part5.wav,5,0:25,0.3737,0.3914,ANOMALIE,Ecart bruit,A_VALIDER
ml17_280a_0083_part35.wav,35,2:55,0.37,0.3223,ANOMALIE,Ecart bruit,A_VALIDER
ml17_280a_0144_part157.wav,157,13:05,0.3675,0.3461,ANOMALIE,Ecart bruit,A_VALIDER
ml19_292b_0026_part139.wav,139,11:35,0.3672,0.3721,ANOMALIE,Ecart bruit,A_VALIDER
ml17_280a_0144_part152.wav,152,12:40,0.3667,0.3548,ANOMALIE,Ecart bruit,A_VALIDER
ml17_280a_0083_part40.wav,40,3:20,0.3615,0.315,ANOMALIE,Ecart bruit,A_VALIDER
ml17_280a_0144_part155.wav,155,12:55,0.3586,0.3411,ANOMALIE,Ecart bruit,A_VALIDER
ml17_280a_0083_part69.wav,69,5:45,0.3585,0.3227,ANOMALIE,Ecart bruit,A_VALIDER
ml17_280a_0144_part142.wav,142,11:50,0.3553,0.322,ANOMALIE,Ecart bruit,A_VALIDER
ml18_294b_0013_part84.wav,84,7:00,0.3538,0.362,ANOMALIE,Ecart bruit,A_VALIDER
ml19_292b_0026_part64.wav,64,5:20,0.3496,0.3084,ANOMALIE,Ecart bruit,A_VALIDER
ml19_292b_0026_part46.wav,46,3:50,0.3454,0.3306,ANOMALIE,Ecart bruit,A_VALIDER
ml17_280a_0144_part15.wav,15,1:15,0.3395,0.3037,ANOMALIE,Ecart bruit,A_VALIDER
ml17_280a_0083_part82.wav,82,6:50,0.3379,0.2789,ANOMALIE,Ecart bruit,A_VALIDER
ml17_280a_0144_part48.wav,48,4:00,0.3367,0.3154,ANOMALIE,Ecart bruit,A_VALIDER
ml19_293a_0015_part34.wav,34,2:50,0.3362,0.3568,ANOMALIE,Ecart bruit,A_VALIDER
ml17_280a_0144_part150.wav,150,12:30,0.3305,0.2895,ANOMALIE,Ecart bruit,A_VALIDER
ml19_292b_0026_part138.wav,138,11:30,0.3301,0.3281,ANOMALIE,Ecart bruit,A_VALIDER
ml19_292b_0026_part119.wav,119,9:55,0.3298,0.3055,ANOMALIE,Ecart bruit,A_VALIDER
ml19_292a_0030_part68.wav,68,5:40,0.3297,0.3485,ANOMALIE,Ecart bruit,A_VALIDER
ml17_280a_0083_part55.wav,55,4:35,0.325,0.3101,ANOMALIE,Ecart bruit,A_VALIDER
ml17_280a_0144_part160.wav,160,13:20,0.321,0.3051,ANOMALIE,Ecart bruit,A_VALIDER
ml17_280a_0144_part135.wav,135,11:15,0.3162,0.3049,RAS,,A_VALIDER
ml19_292b_0026_part126.wav,126,10:30,0.315,0.3234,RAS,,A_VALIDER
ml19_292b_0026_part103.wav,103,8:35,0.3137,0.3233,RAS,,A_VALIDER
ml18_294b_0076_part84.wav,84,7:00,0.313,0.3345,RAS,,A_VALIDER
ml19_292b_0026_part127.wav,127,10:35,0.3124,0.3182,RAS,,A_VALIDER
ml19_292b_0026_part91.wav,91,7:35,0.3122,0.3196,RAS,,A_VALIDER
ml19_292b_0026_part89.wav,89,7:25,0.312,0.303,RAS,,A_VALIDER
ml19_292a_0030_part46.wav,46,3:50,0.3087,0.3269,RAS,,A_VALIDER
ml17_280a_0083_part52.wav,52,4:20,0.3059,0.2834,RAS,,A_VALIDER
ml19_292b_0026_part75.wav,75,6:15,0.3059,0.3112,RAS,,A_VALIDER
ml17_280a_0144_part8.wav,8,0:40,0.3043,0.2934,RAS,,A_VALIDER
ml19_292b_0026_part129.wav,129,10:45,0.304,0.3095,RAS,,A_VALIDER
ml19_292a_0007_part36.wav,36,3:00,0.3011,0.3268,RAS,,A_VALIDER
ml19_292b_0026_part140.wav,140,11:40,0.3006,0.3111,RAS,,A_VALIDER
ml19_292b_0026_part113.wav,113,9:25,0.3003,0.3091,RAS,,A_VALIDER
ml17_280a_0144_part102.wav,102,8:30,0.2987,0.2925,RAS,,A_VALIDER
ml19_292b_0026_part56.wav,56,4:40,0.2971,0.3124,RAS,,A_VALIDER
ml17_280a_0144_part17.wav,17,1:25,0.2963,0.2802,RAS,,A_VALIDER
ml19_292b_0026_part59.wav,59,4:55,0.2942,0.285,RAS,,A_VALIDER
ml17_280a_0144_part27.wav,27,2:15,0.2938,0.3149,RAS,,A_VALIDER
ml17_280a_0144_part116.wav,116,9:40,0.2914,0.2919,RAS,,A_VALIDER
ml19_292b_0026_part130.wav,130,10:50,0.2912,0.3,RAS,,A_VALIDER
ml19_292b_0026_part141.wav,141,11:45,0.2868,0.2878,RAS,,A_VALIDER
ml19_292a_0007_part39.wav,39,3:15,0.2844,0.3116,RAS,,A_VALIDER
ml19_292b_0026_part132.wav,132,11:00,0.2839,0.2872,RAS,,A_VALIDER
ml19_292b_0026_part50.wav,50,4:10,0.2805,0.2958,RAS,,A_VALIDER
ml17_280a_0144_part11.wav,11,0:55,0.2794,0.2805,RAS,,A_VALIDER
ml19_293a_0015_part127.wav,127,10:35,0.2794,0.2827,RAS,,A_VALIDER
ml17_280a_0144_part94.wav,94,7:50,0.278,0.2573,RAS,,A_VALIDER
ml17_280a_0144_part99.wav,99,8:15,0.278,0.2678,RAS,,A_VALIDER
ml19_292a_0030_part75.wav,75,6:15,0.2773,0.2823,RAS,,A_VALIDER
ml17_280a_0083_part1.wav,1,0:05,0.2763,0.2443,RAS,,A_VALIDER
ml17_280a_0144_part144.wav,144,12:00,0.2749,0.2834,RAS,,A_VALIDER
ml18_294b_0042_part8.wav,8,0:40,0.271,0.2896,RAS,,A_VALIDER
ml19_292a_0030_part78.wav,78,6:30,0.2703,0.2742,RAS,,A_VALIDER
ml17_280a_0144_part97.wav,97,8:05,0.2672,0.2519,RAS,,A_VALIDER
ml17_280a_0144_part82.wav,82,6:50,0.266,0.266,RAS,,A_VALIDER
ml19_292b_0026_part114.wav,114,9:30,0.2645,0.2728,RAS,,A_VALIDER
ml17_280a_0083_part66.wav,66,5:30,0.264,0.2509,RAS,,A_VALIDER
ml19_293a_0066_part7.wav,7,0:35,0.2633,0.2617,RAS,,A_VALIDER
ml19_294a_0011_part36.wav,36,3:00,0.2628,0.2724,RAS,,A_VALIDER
ml19_292a_0030_part82.wav,82,6:50,0.2625,0.2683,RAS,,A_VALIDER
ml19_292b_0026_part121.wav,121,10:05,0.2624,0.2676,RAS,,A_VALIDER
ml17_280a_0144_part100.wav,100,8:20,0.261,0.2365,RAS,,A_VALIDER
ml19_292b_0026_part131.wav,131,10:55,0.2603,0.2644,RAS,,A_VALIDER
ml19_293a_0066_part70.wav,70,5:50,0.2601,0.2739,RAS,,A_VALIDER
ml19_292a_0030_part37.wav,37,3:05,0.26,0.2798,RAS,,A_VALIDER
ml17_280a_0144_part1.wav,1,0:05,0.2593,0.2776,RAS,,A_VALIDER
ml17_280a_0144_part69.wav,69,5:45,0.2591,0.2706,RAS,,A_VALIDER
ml18_294b_0013_part51.wav,51,4:15,0.256,0.2813,RAS,,A_VALIDER
ml19_292b_0026_part117.wav,117,9:45,0.2554,0.2626,RAS,,A_VALIDER
ml19_292b_0026_part63.wav,63,5:15,0.2553,0.2643,RAS,,A_VALIDER
ml19_292b_0026_part112.wav,112,9:20,0.2543,0.2599,RAS,,A_VALIDER
ml17_280a_0144_part134.wav,134,11:10,0.2541,0.2592,RAS,,A_VALIDER
ml17_280a_0144_part101.wav,101,8:25,0.2528,0.248,RAS,,A_VALIDER
ml19_293a_0066_part0.wav,0,0:00,0.2523,0.2689,RAS,,A_VALIDER
ml17_280a_0083_part38.wav,38,3:10,0.2515,0.2278,RAS,,A_VALIDER
ml19_292b_0026_part100.wav,100,8:20,0.2514,0.2616,RAS,,A_VALIDER
ml19_292b_0026_part108.wav,108,9:00,0.2503,0.2516,RAS,,A_VALIDER
ml19_292b_0026_part55.wav,55,4:35,0.2488,0.2526,RAS,,A_VALIDER
ml17_280a_0144_part115.wav,115,9:35,0.2486,0.2581,RAS,,A_VALIDER
ml17_280a_0144_part35.wav,35,2:55,0.2485,0.258,RAS,,A_VALIDER
ml19_293a_0066_part81.wav,81,6:45,0.2474,0.2621,RAS,,A_VALIDER
ml17_280a_0144_part130.wav,130,10:50,0.2467,0.261,RAS,,A_VALIDER
ml17_280a_0144_part67.wav,67,5:35,0.2456,0.2613,RAS,,A_VALIDER
ml18_294b_0013_part76.wav,76,6:20,0.2454,0.2576,RAS,,A_VALIDER
ml19_292b_0026_part123.wav,123,10:15,0.2443,0.2438,RAS,,A_VALIDER
ml19_294a_0011_part42.wav,42,3:30,0.2442,0.2481,RAS,,A_VALIDER
ml17_280a_0144_part161.wav,161,13:25,0.2429,0.2499,RAS,,A_VALIDER
ml17_280a_0144_part53.wav,53,4:25,0.2421,0.2597,RAS,,A_VALIDER
ml18_294b_0013_part78.wav,78,6:30,0.2413,0.259,RAS,,A_VALIDER
ml18_294b_0013_part1.wav,1,0:05,0.2389,0.2602,RAS,,A_VALIDER
ml19_293a_0015_part134.wav,134,11:10,0.2362,0.2509,RAS,,A_VALIDER
ml17_280a_0083_part73.wav,73,6:05,0.2357,0.2253,RAS,,A_VALIDER
ml17_280a_0144_part124.wav,124,10:20,0.2351,0.2467,RAS,,A_VALIDER
ml18_294b_0013_part73.wav,73,6:05,0.235,0.2559,RAS,,A_VALIDER
ml18_294b_0013_part40.wav,40,3:20,0.2344,0.237,RAS,,A_VALIDER
ml19_293a_0015_part31.wav,31,2:35,0.2341,0.2597,RAS,,A_VALIDER
ml17_280a_0088_part83.wav,83,6:55,0.2339,0.2657,RAS,,A_VALIDER
ml19_292b_0026_part42.wav,42,3:30,0.2335,0.2433,RAS,,A_VALIDER
ml18_294b_0013_part91.wav,91,7:35,0.2335,0.2489,RAS,,A_VALIDER
ml17_280a_0144_part153.wav,153,12:45,0.2331,0.2264,RAS,,A_VALIDER
ml19_292b_0026_part137.wav,137,11:25,0.2329,0.237,RAS,,A_VALIDER
ml19_294a_0011_part37.wav,37,3:05,0.2327,0.2488,RAS,,A_VALIDER
ml19_292b_0026_part65.wav,65,5:25,0.2324,0.2439,RAS,,A_VALIDER
ml17_280a_0144_part88.wav,88,7:20,0.2315,0.2415,RAS,,A_VALIDER
ml19_292b_0026_part107.wav,107,8:55,0.2309,0.2414,RAS,,A_VALIDER
ml17_280a_0144_part137.wav,137,11:25,0.2305,0.2405,RAS,,A_VALIDER
ml19_292b_0026_part133.wav,133,11:05,0.2304,0.2369,RAS,,A_VALIDER
ml19_292a_0007_part21.wav,21,1:45,0.2302,0.2602,RAS,,A_VALIDER
ml17_280a_0144_part98.wav,98,8:10,0.23,0.2294,RAS,,A_VALIDER
ml19_292b_0026_part142.wav,142,11:50,0.23,0.2398,RAS,,A_VALIDER
ml17_280a_0083_part57.wav,57,4:45,0.2286,0.2108,RAS,,A_VALIDER
ml18_294b_0013_part5.wav,5,0:25,0.2285,0.2533,RAS,,A_VALIDER
ml19_292a_0030_part63.wav,63,5:15,0.2284,0.2449,RAS,,A_VALIDER
ml17_280a_0144_part44.wav,44,3:40,0.2283,0.2284,RAS,,A_VALIDER
ml19_292b_0026_part134.wav,134,11:10,0.2282,0.2388,RAS,,A_VALIDER
ml18_294b_0076_part1.wav,1,0:05,0.2277,0.2484,RAS,,A_VALIDER
ml19_292b_0026_part30.wav,30,2:30,0.2271,0.2336,RAS,,A_VALIDER
ml19_292a_0030_part72.wav,72,6:00,0.2269,0.2415,RAS,,A_VALIDER
ml17_280a_0144_part32.wav,32,2:40,0.2269,0.2445,RAS,,A_VALIDER
ml19_293a_0066_part47.wav,47,3:55,0.2261,0.2403,RAS,,A_VALIDER
ml19_294a_0011_part43.wav,43,3:35,0.2256,0.2436,RAS,,A_VALIDER
ml19_294a_0011_part30.wav,30,2:30,0.2254,0.2366,RAS,,A_VALIDER
ml19_292b_0026_part128.wav,128,10:40,0.2237,0.2316,RAS,,A_VALIDER
ml17_280a_0088_part72.wav,72,6:00,0.2223,0.2488,RAS,,A_VALIDER
ml18_294b_0013_part28.wav,28,2:20,0.2217,0.2457,RAS,,A_VALIDER
ml19_292b_0026_part144.wav,144,12:00,0.2211,0.2229,RAS,,A_VALIDER
ml17_280a_0144_part119.wav,119,9:55,0.221,0.2323,RAS,,A_VALIDER
ml18_294b_0013_part85.wav,85,7:05,0.2209,0.2434,RAS,,A_VALIDER
ml17_280a_0088_part151.wav,151,12:35,0.2198,0.2437,RAS,,A_VALIDER
ml18_296a_0007_part2.wav,2,0:10,0.2189,0.2368,RAS,,A_VALIDER
ml18_294b_0042_part4.wav,4,0:20,0.2189,0.2448,RAS,,A_VALIDER
ml19_294a_0011_part48.wav,48,4:00,0.2188,0.2322,RAS,,A_VALIDER
ml19_293a_0015_part138.wav,138,11:30,0.2185,0.2336,RAS,,A_VALIDER
ml18_294b_0076_part20.wav,20,1:40,0.2183,0.2421,RAS,,A_VALIDER
ml19_292b_0026_part79.wav,79,6:35,0.2182,0.2258,RAS,,A_VALIDER
ml17_280a_0144_part77.wav,77,6:25,0.218,0.2356,RAS,,A_VALIDER
ml18_294b_0013_part44.wav,44,3:40,0.2177,0.2267,RAS,,A_VALIDER
ml17_280a_0144_part148.wav,148,12:20,0.2172,0.2049,RAS,,A_VALIDER
ml19_293a_0066_part16.wav,16,1:20,0.2172,0.239,RAS,,A_VALIDER
ml19_294a_0011_part41.wav,41,3:25,0.2168,0.229,RAS,,A_VALIDER
ml17_280a_0083_part64.wav,64,5:20,0.216,0.1991,RAS,,A_VALIDER
ml18_294b_0013_part2.wav,2,0:10,0.2157,0.2411,RAS,,A_VALIDER
ml19_292b_0026_part120.wav,120,10:00,0.2155,0.2237,RAS,,A_VALIDER
ml19_292b_0026_part95.wav,95,7:55,0.215,0.2268,RAS,,A_VALIDER
ml19_293a_0066_part84.wav,84,7:00,0.2149,0.2316,RAS,,A_VALIDER
ml18_294b_0013_part54.wav,54,4:30,0.2148,0.2308,RAS,,A_VALIDER
ml17_280a_0144_part90.wav,90,7:30,0.2146,0.2236,RAS,,A_VALIDER
ml19_292b_0026_part135.wav,135,11:15,0.2141,0.2224,RAS,,A_VALIDER
ml18_294b_0013_part77.wav,77,6:25,0.2139,0.2349,RAS,,A_VALIDER
ml17_280a_0083_part63.wav,63,5:15,0.2134,0.2064,RAS,,A_VALIDER
ml19_292b_0026_part87.wav,87,7:15,0.2129,0.2229,RAS,,A_VALIDER
ml17_280a_0144_part123.wav,123,10:15,0.2121,0.2256,RAS,,A_VALIDER
ml19_292b_0026_part102.wav,102,8:30,0.2115,0.2237,RAS,,A_VALIDER
ml19_294a_0011_part24.wav,24,2:00,0.2115,0.2104,RAS,,A_VALIDER
ml17_280a_0144_part132.wav,132,11:00,0.2115,0.2264,RAS,,A_VALIDER
ml19_294a_0011_part33.wav,33,2:45,0.2114,0.2225,RAS,,A_VALIDER
ml19_292a_0030_part76.wav,76,6:20,0.2112,0.2398,RAS,,A_VALIDER
ml19_292b_0026_part62.wav,62,5:10,0.2108,0.2217,RAS,,A_VALIDER
ml19_292b_0026_part9.wav,9,0:45,0.2107,0.2185,RAS,,A_VALIDER
ml18_296a_0007_part11.wav,11,0:55,0.2105,0.2258,RAS,,A_VALIDER
ml17_280a_0144_part6.wav,6,0:30,0.2105,0.2105,RAS,,A_VALIDER
ml19_292b_0026_part67.wav,67,5:35,0.2104,0.2156,RAS,,A_VALIDER
ml19_294a_0011_part31.wav,31,2:35,0.2099,0.2216,RAS,,A_VALIDER
ml18_294b_0013_part0.wav,0,0:00,0.2099,0.223,RAS,,A_VALIDER
ml19_293a_0066_part58.wav,58,4:50,0.2097,0.2262,RAS,,A_VALIDER
ml19_292b_0026_part80.wav,80,6:40,0.2096,0.2181,RAS,,A_VALIDER
ml19_294a_0011_part26.wav,26,2:10,0.2094,0.2198,RAS,,A_VALIDER
ml17_280a_0144_part55.wav,55,4:35,0.209,0.233,RAS,,A_VALIDER
ml19_292b_0026_part136.wav,136,11:20,0.209,0.2222,RAS,,A_VALIDER
ml17_280a_0144_part92.wav,92,7:40,0.2087,0.2191,RAS,,A_VALIDER
ml17_280a_0144_part133.wav,133,11:05,0.2087,0.2227,RAS,,A_VALIDER
ml19_293a_0066_part72.wav,72,6:00,0.2086,0.2272,RAS,,A_VALIDER
ml19_293a_0066_part85.wav,85,7:05,0.2079,0.2268,RAS,,A_VALIDER
ml17_280a_0144_part43.wav,43,3:35,0.2078,0.2025,RAS,,A_VALIDER
ml19_292b_0026_part93.wav,93,7:45,0.2074,0.2197,RAS,,A_VALIDER
ml19_292b_0026_part125.wav,125,10:25,0.2073,0.2172,RAS,,A_VALIDER
ml19_292b_0026_part77.wav,77,6:25,0.2067,0.2195,RAS,,A_VALIDER
ml19_293a_0015_part135.wav,135,11:15,0.2064,0.2297,RAS,,A_VALIDER
ml19_293a_0015_part70.wav,70,5:50,0.2063,0.2271,RAS,,A_VALIDER
ml18_294b_0013_part63.wav,63,5:15,0.2062,0.2313,RAS,,A_VALIDER
ml19_292a_0007_part22.wav,22,1:50,0.2062,0.234,RAS,,A_VALIDER
ml19_292b_0026_part11.wav,11,0:55,0.206,0.216,RAS,,A_VALIDER
ml19_292a_0030_part52.wav,52,4:20,0.2057,0.2302,RAS,,A_VALIDER
ml19_292b_0026_part98.wav,98,8:10,0.2054,0.2161,RAS,,A_VALIDER
ml19_292b_0026_part66.wav,66,5:30,0.2045,0.2091,RAS,,A_VALIDER
ml18_294b_0013_part4.wav,4,0:20,0.2042,0.2346,RAS,,A_VALIDER
ml19_292b_0026_part18.wav,18,1:30,0.2042,0.2135,RAS,,A_VALIDER
ml19_292b_0026_part52.wav,52,4:20,0.2041,0.2216,RAS,,A_VALIDER
ml19_292a_0030_part4.wav,4,0:20,0.2039,0.2298,RAS,,A_VALIDER
ml19_293a_0015_part33.wav,33,2:45,0.2038,0.2241,RAS,,A_VALIDER
ml18_294b_0013_part32.wav,32,2:40,0.2036,0.2329,RAS,,A_VALIDER
ml19_293a_0015_part67.wav,67,5:35,0.2036,0.225,RAS,,A_VALIDER
ml17_280a_0144_part151.wav,151,12:35,0.2034,0.2141,RAS,,A_VALIDER
ml17_280a_0144_part86.wav,86,7:10,0.2033,0.2119,RAS,,A_VALIDER
ml19_293a_0015_part132.wav,132,11:00,0.2033,0.2195,RAS,,A_VALIDER
ml17_280a_0088_part158.wav,158,13:10,0.2026,0.2202,RAS,,A_VALIDER
ml18_294b_0013_part75.wav,75,6:15,0.2022,0.2194,RAS,,A_VALIDER
ml17_280a_0083_part67.wav,67,5:35,0.2022,0.1902,RAS,,A_VALIDER
ml19_293a_0066_part25.wav,25,2:05,0.202,0.2254,RAS,,A_VALIDER
ml19_292b_0026_part4.wav,4,0:20,0.2012,0.2036,RAS,,A_VALIDER
ml19_292b_0026_part143.wav,143,11:55,0.2011,0.2128,RAS,,A_VALIDER
ml19_292a_0030_part62.wav,62,5:10,0.201,0.2192,RAS,,A_VALIDER
ml17_280a_0088_part33.wav,33,2:45,0.2003,0.2337,RAS,,A_VALIDER
ml19_293a_0015_part128.wav,128,10:40,0.2002,0.2235,RAS,,A_VALIDER
ml19_292b_0026_part116.wav,116,9:40,0.2002,0.2056,RAS,,A_VALIDER
ml19_292b_0026_part73.wav,73,6:05,0.2002,0.2129,RAS,,A_VALIDER
ml17_280a_0144_part103.wav,103,8:35,0.1998,0.215,RAS,,A_VALIDER
ml18_294b_0042_part36.wav,36,3:00,0.1996,0.2228,RAS,,A_VALIDER
ml19_293a_0066_part38.wav,38,3:10,0.1995,0.216,RAS,,A_VALIDER
ml19_292a_0007_part2.wav,2,0:10,0.1993,0.2269,RAS,,A_VALIDER
ml18_294b_0013_part3.wav,3,0:15,0.1992,0.2244,RAS,,A_VALIDER
ml18_294b_0076_part17.wav,17,1:25,0.1989,0.2176,RAS,,A_VALIDER
ml17_280a_0144_part110.wav,110,9:10,0.1987,0.2051,RAS,,A_VALIDER
ml17_280a_0083_part68.wav,68,5:40,0.1984,0.1871,RAS,,A_VALIDER
ml19_292b_0026_part74.wav,74,6:10,0.1983,0.2097,RAS,,A_VALIDER
ml17_280a_0144_part80.wav,80,6:40,0.1981,0.2089,RAS,,A_VALIDER
ml19_293a_0015_part123.wav,123,10:15,0.198,0.2164,RAS,,A_VALIDER
ml19_292a_0007_part20.wav,20,1:40,0.1975,0.2242,RAS,,A_VALIDER
ml19_292a_0007_part38.wav,38,3:10,0.1973,0.2232,RAS,,A_VALIDER
ml17_280a_0144_part75.wav,75,6:15,0.1968,0.2076,RAS,,A_VALIDER
ml18_294b_0013_part47.wav,47,3:55,0.1965,0.2181,RAS,,A_VALIDER
ml19_294a_0011_part16.wav,16,1:20,0.1964,0.2053,RAS,,A_VALIDER
ml17_280a_0144_part84.wav,84,7:00,0.1962,0.2132,RAS,,A_VALIDER
ml19_293a_0066_part20.wav,20,1:40,0.196,0.2187,RAS,,A_VALIDER
ml19_294a_0011_part40.wav,40,3:20,0.1959,0.2018,RAS,,A_VALIDER
ml19_292b_0026_part37.wav,37,3:05,0.1957,0.2077,RAS,,A_VALIDER
ml18_296a_0007_part4.wav,4,0:20,0.1956,0.2159,RAS,,A_VALIDER
ml19_294a_0011_part51.wav,51,4:15,0.1955,0.2094,RAS,,A_VALIDER
ml19_292b_0026_part124.wav,124,10:20,0.1954,0.2101,RAS,,A_VALIDER
ml19_292b_0026_part69.wav,69,5:45,0.1952,0.2081,RAS,,A_VALIDER
ml19_293a_0015_part48.wav,48,4:00,0.1946,0.2276,RAS,,A_VALIDER
ml17_280a_0083_part65.wav,65,5:25,0.1942,0.1788,RAS,,A_VALIDER
ml19_292a_0007_part7.wav,7,0:35,0.194,0.2241,RAS,,A_VALIDER
ml19_292b_0026_part12.wav,12,1:00,0.1939,0.2061,RAS,,A_VALIDER
ml19_292b_0026_part68.wav,68,5:40,0.1935,0.2077,RAS,,A_VALIDER
ml19_294a_0011_part2.wav,2,0:10,0.1934,0.2038,RAS,,A_VALIDER
ml18_294b_0013_part92.wav,92,7:40,0.1934,0.2072,RAS,,A_VALIDER
ml18_294b_0076_part53.wav,53,4:25,0.193,0.2125,RAS,,A_VALIDER
ml18_294b_0013_part43.wav,43,3:35,0.1927,0.1985,RAS,,A_VALIDER
ml19_294a_0011_part10.wav,10,0:50,0.1923,0.2029,RAS,,A_VALIDER
ml19_292a_0007_part34.wav,34,2:50,0.1923,0.2198,RAS,,A_VALIDER
ml18_294b_0013_part38.wav,38,3:10,0.1921,0.2201,RAS,,A_VALIDER
ml19_292b_0026_part111.wav,111,9:15,0.192,0.2024,RAS,,A_VALIDER
ml19_292b_0026_part13.wav,13,1:05,0.1919,0.2042,RAS,,A_VALIDER
ml18_294b_0076_part23.wav,23,1:55,0.1918,0.2207,RAS,,A_VALIDER
ml18_294b_0013_part81.wav,81,6:45,0.1917,0.1989,RAS,,A_VALIDER
ml19_293a_0066_part32.wav,32,2:40,0.1913,0.2117,RAS,,A_VALIDER
ml19_292b_0026_part70.wav,70,5:50,0.1912,0.2089,RAS,,A_VALIDER
ml18_296a_0007_part22.wav,22,1:50,0.1909,0.2101,RAS,,A_VALIDER
ml19_294a_0011_part56.wav,56,4:40,0.1906,0.1959,RAS,,A_VALIDER
ml17_280a_0144_part145.wav,145,12:05,0.1905,0.2071,RAS,,A_VALIDER
ml19_293a_0066_part43.wav,43,3:35,0.1903,0.2108,RAS,,A_VALIDER
ml19_292a_0007_part30.wav,30,2:30,0.1902,0.2165,RAS,,A_VALIDER
ml18_294b_0013_part82.wav,82,6:50,0.1901,0.2012,RAS,,A_VALIDER
ml17_280a_0144_part106.wav,106,8:50,0.1898,0.2081,RAS,,A_VALIDER
ml19_294a_0011_part12.wav,12,1:00,0.1898,0.1978,RAS,,A_VALIDER
ml18_294b_0076_part69.wav,69,5:45,0.1897,0.2123,RAS,,A_VALIDER
ml19_292a_0007_part1.wav,1,0:05,0.189,0.2206,RAS,,A_VALIDER
ml19_294a_0011_part27.wav,27,2:15,0.1886,0.2026,RAS,,A_VALIDER
ml19_292a_0030_part69.wav,69,5:45,0.1885,0.2071,RAS,,A_VALIDER
ml19_292b_0026_part41.wav,41,3:25,0.1884,0.1983,RAS,,A_VALIDER
ml19_292b_0026_part118.wav,118,9:50,0.188,0.1974,RAS,,A_VALIDER
ml19_293a_0066_part17.wav,17,1:25,0.1878,0.2151,RAS,,A_VALIDER
ml17_280a_0088_part165.wav,165,13:45,0.1876,0.2118,RAS,,A_VALIDER
ml17_280a_0088_part128.wav,128,10:40,0.1876,0.2113,RAS,,A_VALIDER
ml19_294a_0011_part8.wav,8,0:40,0.1875,0.1974,RAS,,A_VALIDER
ml17_280a_0088_part142.wav,142,11:50,0.1874,0.2095,RAS,,A_VALIDER
ml17_280a_0144_part114.wav,114,9:30,0.1872,0.1952,RAS,,A_VALIDER
ml17_280a_0144_part14.wav,14,1:10,0.1867,0.1906,RAS,,A_VALIDER
ml19_292b_0026_part81.wav,81,6:45,0.1864,0.2003,RAS,,A_VALIDER
ml19_293a_0015_part141.wav,141,11:45,0.1863,0.2038,RAS,,A_VALIDER
ml19_292a_0030_part14.wav,14,1:10,0.1858,0.2106,RAS,,A_VALIDER
ml19_293a_0066_part62.wav,62,5:10,0.1857,0.2089,RAS,,A_VALIDER
ml19_294a_0011_part32.wav,32,2:40,0.1856,0.1966,RAS,,A_VALIDER
ml17_280a_0083_part5.wav,5,0:25,0.1853,0.1651,RAS,,A_VALIDER
ml19_292b_0026_part72.wav,72,6:00,0.1851,0.1986,RAS,,A_VALIDER
ml19_292b_0026_part32.wav,32,2:40,0.185,0.1968,RAS,,A_VALIDER
ml19_292b_0026_part104.wav,104,8:40,0.185,0.2071,RAS,,A_VALIDER
ml18_294b_0013_part11.wav,11,0:55,0.1849,0.2011,RAS,,A_VALIDER
ml17_280a_0144_part136.wav,136,11:20,0.1847,0.1948,RAS,,A_VALIDER
ml18_294b_0013_part49.wav,49,4:05,0.1841,0.1944,RAS,,A_VALIDER
ml19_294a_0011_part5.wav,5,0:25,0.1839,0.1924,RAS,,A_VALIDER
ml19_292b_0026_part29.wav,29,2:25,0.1839,0.1916,RAS,,A_VALIDER
ml19_292a_0030_part91.wav,91,7:35,0.1839,0.2068,RAS,,A_VALIDER
ml17_280a_0144_part10.wav,10,0:50,0.1839,0.1899,RAS,,A_VALIDER
ml18_294b_0013_part80.wav,80,6:40,0.183,0.2118,RAS,,A_VALIDER
ml19_294a_0011_part19.wav,19,1:35,0.183,0.1931,RAS,,A_VALIDER
ml19_292a_0030_part33.wav,33,2:45,0.1828,0.2087,RAS,,A_VALIDER
ml19_294a_0011_part45.wav,45,3:45,0.1826,0.1963,RAS,,A_VALIDER
ml17_280a_0083_part59.wav,59,4:55,0.1825,0.175,RAS,,A_VALIDER
ml18_294b_0013_part36.wav,36,3:00,0.1823,0.202,RAS,,A_VALIDER
ml17_280a_0088_part30.wav,30,2:30,0.1817,0.2073,RAS,,A_VALIDER
ml18_294b_0042_part15.wav,15,1:15,0.1813,0.2096,RAS,,A_VALIDER
ml19_292b_0026_part122.wav,122,10:10,0.1811,0.1934,RAS,,A_VALIDER
ml19_292b_0026_part43.wav,43,3:35,0.181,0.1938,RAS,,A_VALIDER
ml17_280a_0144_part127.wav,127,10:35,0.181,0.1955,RAS,,A_VALIDER
ml17_280a_0144_part12.wav,12,1:00,0.181,0.1923,RAS,,A_VALIDER
ml19_294a_0011_part34.wav,34,2:50,0.181,0.1941,RAS,,A_VALIDER
ml18_296a_0007_part14.wav,14,1:10,0.1806,0.1942,RAS,,A_VALIDER
ml19_293a_0015_part107.wav,107,8:55,0.1805,0.2039,RAS,,A_VALIDER
ml19_292b_0026_part54.wav,54,4:30,0.1805,0.1957,RAS,,A_VALIDER
ml19_294a_0011_part38.wav,38,3:10,0.1796,0.1861,RAS,,A_VALIDER
ml18_294b_0076_part48.wav,48,4:00,0.1794,0.2092,RAS,,A_VALIDER
ml19_293a_0015_part109.wav,109,9:05,0.1791,0.1991,RAS,,A_VALIDER
ml19_292b_0026_part97.wav,97,8:05,0.1791,0.19,RAS,,A_VALIDER
ml17_280a_0144_part79.wav,79,6:35,0.1789,0.1929,RAS,,A_VALIDER
ml19_293a_0015_part18.wav,18,1:30,0.1788,0.2157,RAS,,A_VALIDER
ml19_294a_0011_part35.wav,35,2:55,0.1784,0.1847,RAS,,A_VALIDER
ml19_292a_0007_part23.wav,23,1:55,0.1782,0.2116,RAS,,A_VALIDER
ml17_280a_0144_part156.wav,156,13:00,0.1782,0.1938,RAS,,A_VALIDER
ml19_292b_0026_part61.wav,61,5:05,0.1782,0.1905,RAS,,A_VALIDER
ml19_293a_0066_part14.wav,14,1:10,0.1777,0.1977,RAS,,A_VALIDER
ml19_293a_0066_part73.wav,73,6:05,0.1776,0.1957,RAS,,A_VALIDER
ml19_292b_0026_part71.wav,71,5:55,0.1776,0.1908,RAS,,A_VALIDER
ml19_292b_0026_part99.wav,99,8:15,0.1776,0.1889,RAS,,A_VALIDER
ml19_292b_0026_part94.wav,94,7:50,0.1775,0.1861,RAS,,A_VALIDER
ml19_293a_0066_part91.wav,91,7:35,0.1775,0.1971,RAS,,A_VALIDER
ml19_292b_0026_part109.wav,109,9:05,0.1773,0.184,RAS,,A_VALIDER
ml17_280a_0144_part24.wav,24,2:00,0.1772,0.1968,RAS,,A_VALIDER
ml18_294b_0013_part65.wav,65,5:25,0.1771,0.1999,RAS,,A_VALIDER
ml19_292a_0007_part15.wav,15,1:15,0.1765,0.2092,RAS,,A_VALIDER
ml19_293a_0066_part18.wav,18,1:30,0.1765,0.1998,RAS,,A_VALIDER
ml17_280a_0144_part108.wav,108,9:00,0.1764,0.1914,RAS,,A_VALIDER
ml19_292a_0030_part21.wav,21,1:45,0.1762,0.201,RAS,,A_VALIDER
ml19_294a_0011_part29.wav,29,2:25,0.1762,0.1924,RAS,,A_VALIDER
ml19_293a_0015_part3.wav,3,0:15,0.1758,0.2061,RAS,,A_VALIDER
ml17_280a_0144_part159.wav,159,13:15,0.1756,0.1914,RAS,,A_VALIDER
ml17_280a_0144_part122.wav,122,10:10,0.1754,0.1949,RAS,,A_VALIDER
ml18_294b_0013_part52.wav,52,4:20,0.1753,0.1921,RAS,,A_VALIDER
ml19_294a_0011_part61.wav,61,5:05,0.1753,0.1868,RAS,,A_VALIDER
ml19_293a_0015_part108.wav,108,9:00,0.1751,0.1968,RAS,,A_VALIDER
ml19_292b_0026_part105.wav,105,8:45,0.175,0.1907,RAS,,A_VALIDER
ml19_292a_0030_part43.wav,43,3:35,0.175,0.1998,RAS,,A_VALIDER
ml19_292b_0026_part76.wav,76,6:20,0.1748,0.1959,RAS,,A_VALIDER
ml19_293a_0015_part35.wav,35,2:55,0.1747,0.2101,RAS,,A_VALIDER
ml17_280a_0144_part129.wav,129,10:45,0.1743,0.1865,RAS,,A_VALIDER
ml17_280a_0144_part112.wav,112,9:20,0.1743,0.1828,RAS,,A_VALIDER
ml19_292a_0007_part37.wav,37,3:05,0.174,0.2075,RAS,,A_VALIDER
ml17_280a_0088_part161.wav,161,13:25,0.174,0.1968,RAS,,A_VALIDER
ml17_280a_0144_part31.wav,31,2:35,0.1733,0.1932,RAS,,A_VALIDER
ml18_296a_0007_part7.wav,7,0:35,0.1731,0.1874,RAS,,A_VALIDER
ml17_280a_0088_part111.wav,111,9:15,0.173,0.2055,RAS,,A_VALIDER
ml17_280a_0088_part60.wav,60,5:00,0.1728,0.2064,RAS,,A_VALIDER
ml17_280a_0144_part33.wav,33,2:45,0.1725,0.1828,RAS,,A_VALIDER
ml19_294a_0011_part13.wav,13,1:05,0.1725,0.1837,RAS,,A_VALIDER
ml19_292b_0026_part8.wav,8,0:40,0.1724,0.1816,RAS,,A_VALIDER
ml17_280a_0144_part9.wav,9,0:45,0.1723,0.1913,RAS,,A_VALIDER
ml19_293a_0066_part92.wav,92,7:40,0.1723,0.1827,RAS,,A_VALIDER
ml19_292b_0026_part53.wav,53,4:25,0.1722,0.1919,RAS,,A_VALIDER
ml19_294a_0011_part9.wav,9,0:45,0.1722,0.1873,RAS,,A_VALIDER
ml19_292a_0007_part25.wav,25,2:05,0.1717,0.1997,RAS,,A_VALIDER
ml19_292b_0026_part57.wav,57,4:45,0.1715,0.1824,RAS,,A_VALIDER
ml19_293a_0066_part80.wav,80,6:40,0.1715,0.1912,RAS,,A_VALIDER
ml17_280a_0088_part58.wav,58,4:50,0.1708,0.2015,RAS,,A_VALIDER
ml19_292b_0026_part47.wav,47,3:55,0.1703,0.1806,RAS,,A_VALIDER
ml19_294a_0011_part28.wav,28,2:20,0.1701,0.176,RAS,,A_VALIDER
ml17_280a_0144_part29.wav,29,2:25,0.1699,0.1868,RAS,,A_VALIDER
ml19_293a_0015_part64.wav,64,5:20,0.1699,0.1946,RAS,,A_VALIDER
ml18_294b_0013_part68.wav,68,5:40,0.1698,0.1979,RAS,,A_VALIDER
ml19_292b_0026_part106.wav,106,8:50,0.1697,0.1811,RAS,,A_VALIDER
ml17_280a_0088_part34.wav,34,2:50,0.1697,0.2037,RAS,,A_VALIDER
ml19_293a_0015_part131.wav,131,10:55,0.1697,0.1889,RAS,,A_VALIDER
ml17_280a_0144_part4.wav,4,0:20,0.1696,0.1731,RAS,,A_VALIDER
ml17_280a_0144_part131.wav,131,10:55,0.1693,0.1822,RAS,,A_VALIDER
ml19_294a_0011_part39.wav,39,3:15,0.1691,0.1767,RAS,,A_VALIDER
ml19_294a_0011_part20.wav,20,1:40,0.169,0.1781,RAS,,A_VALIDER
ml18_296a_0007_part24.wav,24,2:00,0.169,0.1851,RAS,,A_VALIDER
ml18_294b_0076_part25.wav,25,2:05,0.1689,0.1934,RAS,,A_VALIDER
ml18_294b_0042_part0.wav,0,0:00,0.1688,0.1962,RAS,,A_VALIDER
ml19_293a_0015_part94.wav,94,7:50,0.1688,0.1868,RAS,,A_VALIDER
ml19_294a_0011_part17.wav,17,1:25,0.1686,0.1751,RAS,,A_VALIDER
ml18_294b_0013_part27.wav,27,2:15,0.1685,0.1796,RAS,,A_VALIDER
ml19_292b_0026_part101.wav,101,8:25,0.1683,0.1806,RAS,,A_VALIDER
ml18_294b_0076_part32.wav,32,2:40,0.1682,0.1935,RAS,,A_VALIDER
ml19_294a_0011_part62.wav,62,5:10,0.168,0.1768,RAS,,A_VALIDER
ml19_293a_0015_part47.wav,47,3:55,0.168,0.2018,RAS,,A_VALIDER
ml17_280a_0144_part87.wav,87,7:15,0.1679,0.1712,RAS,,A_VALIDER
ml18_294b_0076_part28.wav,28,2:20,0.1678,0.1905,RAS,,A_VALIDER
ml17_280a_0144_part139.wav,139,11:35,0.1678,0.177,RAS,,A_VALIDER
ml19_294a_0011_part4.wav,4,0:20,0.1678,0.1776,RAS,,A_VALIDER
ml18_294b_0042_part43.wav,43,3:35,0.1676,0.1975,RAS,,A_VALIDER
ml19_292a_0030_part49.wav,49,4:05,0.1675,0.1934,RAS,,A_VALIDER
ml17_280a_0083_part47.wav,47,3:55,0.1674,0.1502,RAS,,A_VALIDER
ml19_293a_0015_part5.wav,5,0:25,0.1673,0.1949,RAS,,A_VALIDER
ml17_280a_0088_part4.wav,4,0:20,0.1672,0.1989,RAS,,A_VALIDER
ml18_294b_0013_part31.wav,31,2:35,0.1672,0.1911,RAS,,A_VALIDER
ml18_294b_0013_part23.wav,23,1:55,0.167,0.1799,RAS,,A_VALIDER
ml18_296a_0007_part1.wav,1,0:05,0.1667,0.181,RAS,,A_VALIDER
ml19_292b_0026_part48.wav,48,4:00,0.1667,0.1774,RAS,,A_VALIDER
ml18_296a_0007_part10.wav,10,0:50,0.1666,0.1868,RAS,,A_VALIDER
ml19_292a_0030_part39.wav,39,3:15,0.1666,0.197,RAS,,A_VALIDER
ml18_294b_0013_part89.wav,89,7:25,0.1664,0.1921,RAS,,A_VALIDER
ml18_294b_0013_part21.wav,21,1:45,0.1663,0.1829,RAS,,A_VALIDER
ml18_294b_0076_part16.wav,16,1:20,0.1662,0.194,RAS,,A_VALIDER
ml17_280a_0088_part153.wav,153,12:45,0.1661,0.1885,RAS,,A_VALIDER
ml17_280a_0144_part22.wav,22,1:50,0.1657,0.1799,RAS,,A_VALIDER
ml18_294b_0042_part21.wav,21,1:45,0.1655,0.2028,RAS,,A_VALIDER
ml19_294a_0011_part1.wav,1,0:05,0.1652,0.1771,RAS,,A_VALIDER
ml19_294a_0011_part3.wav,3,0:15,0.1652,0.1757,RAS,,A_VALIDER
ml17_280a_0144_part56.wav,56,4:40,0.1649,0.197,RAS,,A_VALIDER
ml18_294b_0013_part37.wav,37,3:05,0.1649,0.1886,RAS,,A_VALIDER
ml17_280a_0083_part60.wav,60,5:00,0.1648,0.1531,RAS,,A_VALIDER
ml17_280a_0144_part107.wav,107,8:55,0.1645,0.1811,RAS,,A_VALIDER
ml18_294b_0076_part63.wav,63,5:15,0.1644,0.1864,RAS,,A_VALIDER
ml19_293a_0066_part34.wav,34,2:50,0.1643,0.1862,RAS,,A_VALIDER
ml19_292a_0030_part6.wav,6,0:30,0.1643,0.2003,RAS,,A_VALIDER
ml19_292b_0026_part2.wav,2,0:10,0.1641,0.1746,RAS,,A_VALIDER
ml19_294a_0011_part15.wav,15,1:15,0.1641,0.1743,RAS,,A_VALIDER
ml18_294b_0013_part96.wav,96,8:00,0.1637,0.1854,RAS,,A_VALIDER
ml19_293a_0015_part89.wav,89,7:25,0.1635,0.1936,RAS,,A_VALIDER
ml19_292b_0026_part19.wav,19,1:35,0.1635,0.1778,RAS,,A_VALIDER
ml19_293a_0015_part104.wav,104,8:40,0.1634,0.185,RAS,,A_VALIDER
ml19_294a_0011_part11.wav,11,0:55,0.1631,0.1754,RAS,,A_VALIDER
ml19_294a_0011_part57.wav,57,4:45,0.1629,0.1729,RAS,,A_VALIDER
ml18_296a_0007_part18.wav,18,1:30,0.1628,0.1753,RAS,,A_VALIDER
ml19_294a_0011_part6.wav,6,0:30,0.1627,0.1728,RAS,,A_VALIDER
ml19_293a_0015_part103.wav,103,8:35,0.1626,0.1884,RAS,,A_VALIDER
ml19_292a_0007_part32.wav,32,2:40,0.1626,0.1871,RAS,,A_VALIDER
ml18_296a_0007_part3.wav,3,0:15,0.1624,0.1829,RAS,,A_VALIDER
ml18_294b_0013_part61.wav,61,5:05,0.1622,0.1772,RAS,,A_VALIDER
ml19_293a_0015_part8.wav,8,0:40,0.1621,0.1918,RAS,,A_VALIDER
ml19_293a_0015_part110.wav,110,9:10,0.162,0.1883,RAS,,A_VALIDER
ml17_280a_0088_part137.wav,137,11:25,0.1618,0.1836,RAS,,A_VALIDER
ml17_280a_0083_part58.wav,58,4:50,0.1618,0.1561,RAS,,A_VALIDER
ml17_280a_0088_part75.wav,75,6:15,0.1616,0.1862,RAS,,A_VALIDER
ml19_293a_0015_part36.wav,36,3:00,0.1615,0.1993,RAS,,A_VALIDER
ml18_294b_0013_part93.wav,93,7:45,0.1614,0.1873,RAS,,A_VALIDER
ml17_280a_0144_part73.wav,73,6:05,0.1614,0.1844,RAS,,A_VALIDER
ml17_280a_0144_part76.wav,76,6:20,0.1614,0.178,RAS,,A_VALIDER
ml19_292b_0026_part96.wav,96,8:00,0.1611,0.175,RAS,,A_VALIDER
ml19_292a_0007_part19.wav,19,1:35,0.1606,0.1983,RAS,,A_VALIDER
ml17_280a_0088_part121.wav,121,10:05,0.1603,0.1909,RAS,,A_VALIDER
ml18_294b_0042_part26.wav,26,2:10,0.1603,0.1907,RAS,,A_VALIDER
ml19_293a_0015_part117.wav,117,9:45,0.16,0.1839,RAS,,A_VALIDER
ml18_294b_0042_part51.wav,51,4:15,0.1598,0.1849,RAS,,A_VALIDER
ml17_280a_0088_part96.wav,96,8:00,0.1596,0.1851,RAS,,A_VALIDER
ml18_294b_0076_part57.wav,57,4:45,0.1596,0.1836,RAS,,A_VALIDER
ml19_294a_0011_part55.wav,55,4:35,0.1595,0.1743,RAS,,A_VALIDER
ml18_294b_0013_part14.wav,14,1:10,0.1593,0.1887,RAS,,A_VALIDER
ml19_293a_0015_part78.wav,78,6:30,0.1593,0.19,RAS,,A_VALIDER
ml19_294a_0011_part49.wav,49,4:05,0.1593,0.1751,RAS,,A_VALIDER
ml18_294b_0076_part11.wav,11,0:55,0.159,0.1814,RAS,,A_VALIDER
ml18_294b_0076_part43.wav,43,3:35,0.1588,0.1929,RAS,,A_VALIDER
ml19_294a_0011_part46.wav,46,3:50,0.1587,0.1733,RAS,,A_VALIDER
ml18_294b_0076_part4.wav,4,0:20,0.1585,0.1816,RAS,,A_VALIDER
ml19_294a_0011_part21.wav,21,1:45,0.1582,0.1688,RAS,,A_VALIDER
ml18_294b_0076_part73.wav,73,6:05,0.1581,0.1822,RAS,,A_VALIDER
ml17_280a_0088_part11.wav,11,0:55,0.158,0.1838,RAS,,A_VALIDER
ml17_280a_0144_part39.wav,39,3:15,0.1579,0.1744,RAS,,A_VALIDER
ml18_294b_0076_part66.wav,66,5:30,0.1577,0.1804,RAS,,A_VALIDER
ml19_293a_0066_part1.wav,1,0:05,0.1577,0.1872,RAS,,A_VALIDER
ml19_293a_0015_part140.wav,140,11:40,0.1576,0.1776,RAS,,A_VALIDER
ml17_280a_0144_part0.wav,0,0:00,0.1575,0.1757,RAS,,A_VALIDER
ml19_293a_0015_part112.wav,112,9:20,0.1574,0.1816,RAS,,A_VALIDER
ml19_293a_0066_part2.wav,2,0:10,0.1572,0.1788,RAS,,A_VALIDER
ml17_280a_0144_part95.wav,95,7:55,0.1571,0.1691,RAS,,A_VALIDER
ml18_294b_0013_part66.wav,66,5:30,0.1565,0.1677,RAS,,A_VALIDER
ml19_293a_0066_part13.wav,13,1:05,0.1565,0.1839,RAS,,A_VALIDER
ml19_292a_0007_part28.wav,28,2:20,0.1563,0.18,RAS,,A_VALIDER
ml19_292a_0030_part44.wav,44,3:40,0.1563,0.1817,RAS,,A_VALIDER
ml19_294a_0011_part47.wav,47,3:55,0.1562,0.1671,RAS,,A_VALIDER
ml19_292b_0026_part88.wav,88,7:20,0.156,0.1729,RAS,,A_VALIDER
ml19_292a_0030_part90.wav,90,7:30,0.1559,0.18,RAS,,A_VALIDER
ml19_292a_0030_part85.wav,85,7:05,0.1557,0.1824,RAS,,A_VALIDER
ml17_280a_0144_part78.wav,78,6:30,0.1554,0.1732,RAS,,A_VALIDER
ml19_293a_0066_part77.wav,77,6:25,0.1554,0.1724,RAS,,A_VALIDER
ml19_293a_0066_part28.wav,28,2:20,0.1554,0.181,RAS,,A_VALIDER
ml19_293a_0015_part1.wav,1,0:05,0.1553,0.1884,RAS,,A_VALIDER
ml19_293a_0066_part40.wav,40,3:20,0.1552,0.1711,RAS,,A_VALIDER
ml18_294b_0013_part12.wav,12,1:00,0.1551,0.1698,RAS,,A_VALIDER
ml19_294a_0011_part53.wav,53,4:25,0.1548,0.1684,RAS,,A_VALIDER
ml18_294b_0013_part29.wav,29,2:25,0.1546,0.1853,RAS,,A_VALIDER
ml19_294a_0011_part25.wav,25,2:05,0.1545,0.1647,RAS,,A_VALIDER
ml19_294a_0011_part14.wav,14,1:10,0.1545,0.17,RAS,,A_VALIDER
ml18_294b_0042_part14.wav,14,1:10,0.1544,0.1818,RAS,,A_VALIDER
ml18_294b_0013_part53.wav,53,4:25,0.1544,0.1704,RAS,,A_VALIDER
ml19_293a_0066_part12.wav,12,1:00,0.1543,0.1841,RAS,,A_VALIDER
ml19_293a_0066_part87.wav,87,7:15,0.1541,0.1738,RAS,,A_VALIDER
ml19_292a_0030_part81.wav,81,6:45,0.1539,0.1794,RAS,,A_VALIDER
ml17_280a_0144_part154.wav,154,12:50,0.1539,0.1547,RAS,,A_VALIDER
ml18_296a_0007_part6.wav,6,0:30,0.1539,0.1699,RAS,,A_VALIDER
ml18_294b_0013_part45.wav,45,3:45,0.1539,0.1779,RAS,,A_VALIDER
ml17_280a_0088_part73.wav,73,6:05,0.1539,0.1806,RAS,,A_VALIDER
ml19_293a_0015_part114.wav,114,9:30,0.1535,0.1753,RAS,,A_VALIDER
ml17_280a_0144_part104.wav,104,8:40,0.1535,0.17,RAS,,A_VALIDER
ml18_294b_0013_part26.wav,26,2:10,0.1534,0.1848,RAS,,A_VALIDER
ml18_294b_0076_part59.wav,59,4:55,0.1533,0.1721,RAS,,A_VALIDER
ml19_294a_0011_part0.wav,0,0:00,0.1531,0.1605,RAS,,A_VALIDER
ml19_292b_0026_part40.wav,40,3:20,0.153,0.1713,RAS,,A_VALIDER
ml17_280a_0088_part85.wav,85,7:05,0.1528,0.1881,RAS,,A_VALIDER
ml17_280a_0144_part2.wav,2,0:10,0.1526,0.1706,RAS,,A_VALIDER
ml18_294b_0042_part41.wav,41,3:25,0.1524,0.1843,RAS,,A_VALIDER
ml19_293a_0066_part86.wav,86,7:10,0.1524,0.1698,RAS,,A_VALIDER
ml19_293a_0066_part75.wav,75,6:15,0.1523,0.1756,RAS,,A_VALIDER
ml19_292b_0026_part60.wav,60,5:00,0.1523,0.1656,RAS,,A_VALIDER
ml17_280a_0144_part16.wav,16,1:20,0.152,0.1756,RAS,,A_VALIDER
ml18_294b_0076_part80.wav,80,6:40,0.152,0.1774,RAS,,A_VALIDER
ml18_294b_0042_part18.wav,18,1:30,0.1519,0.1827,RAS,,A_VALIDER
ml19_293a_0015_part139.wav,139,11:35,0.1518,0.1703,RAS,,A_VALIDER
ml17_280a_0083_part48.wav,48,4:00,0.1516,0.1377,ANOMALIE,Similitude expertise,A_VALIDER
ml18_294b_0076_part0.wav,0,0:00,0.1516,0.1696,RAS,,A_VALIDER
ml19_294a_0011_part59.wav,59,4:55,0.1515,0.1684,RAS,,A_VALIDER
ml19_292a_0007_part16.wav,16,1:20,0.1514,0.1949,RAS,,A_VALIDER
ml19_293a_0015_part92.wav,92,7:40,0.1514,0.1844,RAS,,A_VALIDER
ml17_280a_0144_part18.wav,18,1:30,0.1513,0.1752,RAS,,A_VALIDER
ml19_293a_0066_part50.wav,50,4:10,0.1513,0.1751,RAS,,A_VALIDER
ml19_292b_0026_part85.wav,85,7:05,0.1507,0.1679,RAS,,A_VALIDER
ml19_294a_0011_part23.wav,23,1:55,0.1507,0.1612,RAS,,A_VALIDER
ml17_280a_0144_part149.wav,149,12:25,0.1506,0.1593,RAS,,A_VALIDER
ml17_280a_0088_part2.wav,2,0:10,0.1506,0.1854,RAS,,A_VALIDER
ml18_294b_0013_part70.wav,70,5:50,0.1503,0.1738,RAS,,A_VALIDER
ml19_292a_0030_part87.wav,87,7:15,0.1503,0.17,RAS,,A_VALIDER
ml19_293a_0015_part17.wav,17,1:25,0.1503,0.1832,RAS,,A_VALIDER
ml18_294b_0042_part27.wav,27,2:15,0.1501,0.1802,RAS,,A_VALIDER
ml19_292b_0026_part83.wav,83,6:55,0.15,0.1631,RAS,,A_VALIDER
ml18_294b_0013_part19.wav,19,1:35,0.1499,0.1757,RAS,,A_VALIDER
ml18_294b_0076_part83.wav,83,6:55,0.1499,0.178,RAS,,A_VALIDER
ml19_292a_0030_part2.wav,2,0:10,0.1498,0.1836,RAS,,A_VALIDER
ml18_294b_0076_part3.wav,3,0:15,0.1498,0.1726,RAS,,A_VALIDER
ml19_292a_0007_part17.wav,17,1:25,0.1498,0.175,RAS,,A_VALIDER
ml19_292b_0026_part35.wav,35,2:55,0.1497,0.1721,RAS,,A_VALIDER
ml19_292b_0026_part1.wav,1,0:05,0.1494,0.1635,RAS,,A_VALIDER
ml17_280a_0144_part74.wav,74,6:10,0.1492,0.1619,RAS,,A_VALIDER
ml19_293a_0066_part30.wav,30,2:30,0.1491,0.1714,RAS,,A_VALIDER
ml18_294b_0042_part10.wav,10,0:50,0.1491,0.1836,RAS,,A_VALIDER
ml18_294b_0076_part36.wav,36,3:00,0.1491,0.1776,RAS,,A_VALIDER
ml18_294b_0076_part81.wav,81,6:45,0.1491,0.1722,RAS,,A_VALIDER
ml18_294b_0076_part54.wav,54,4:30,0.149,0.168,RAS,,A_VALIDER
ml19_293a_0066_part64.wav,64,5:20,0.1487,0.1651,RAS,,A_VALIDER
ml18_294b_0076_part34.wav,34,2:50,0.1486,0.1715,RAS,,A_VALIDER
ml17_280a_0083_part42.wav,42,3:30,0.1485,0.1295,ANOMALIE,Similitude expertise,A_VALIDER
ml18_294b_0076_part6.wav,6,0:30,0.1485,0.1723,RAS,,A_VALIDER
ml19_293a_0015_part88.wav,88,7:20,0.1483,0.181,RAS,,A_VALIDER
ml18_294b_0013_part90.wav,90,7:30,0.1483,0.1713,RAS,,A_VALIDER
ml19_292b_0026_part110.wav,110,9:10,0.1483,0.1613,RAS,,A_VALIDER
ml18_296a_0007_part16.wav,16,1:20,0.1481,0.1627,RAS,,A_VALIDER
ml19_293a_0015_part101.wav,101,8:25,0.1479,0.1791,RAS,,A_VALIDER
ml19_292a_0030_part83.wav,83,6:55,0.1479,0.1725,RAS,,A_VALIDER
ml17_280a_0144_part91.wav,91,7:35,0.1477,0.1536,RAS,,A_VALIDER
ml17_280a_0144_part13.wav,13,1:05,0.1477,0.1668,RAS,,A_VALIDER
ml17_280a_0088_part90.wav,90,7:30,0.1475,0.1714,RAS,,A_VALIDER
ml17_280a_0088_part139.wav,139,11:35,0.1474,0.172,RAS,,A_VALIDER
ml19_293a_0015_part82.wav,82,6:50,0.1472,0.166,RAS,,A_VALIDER
ml19_292b_0026_part39.wav,39,3:15,0.1472,0.1605,RAS,,A_VALIDER
ml17_280a_0088_part36.wav,36,3:00,0.1472,0.175,RAS,,A_VALIDER
ml19_294a_0011_part60.wav,60,5:00,0.1472,0.1591,RAS,,A_VALIDER
ml18_294b_0042_part16.wav,16,1:20,0.1469,0.1786,RAS,,A_VALIDER
ml19_292b_0026_part44.wav,44,3:40,0.1468,0.1671,RAS,,A_VALIDER
ml17_280a_0144_part128.wav,128,10:40,0.1468,0.1608,RAS,,A_VALIDER
ml17_280a_0088_part152.wav,152,12:40,0.1466,0.176,RAS,,A_VALIDER
ml17_280a_0088_part61.wav,61,5:05,0.1464,0.1775,RAS,,A_VALIDER
ml18_296a_0007_part17.wav,17,1:25,0.1463,0.1654,RAS,,A_VALIDER
ml19_294a_0011_part7.wav,7,0:35,0.1462,0.158,RAS,,A_VALIDER
ml19_292b_0026_part10.wav,10,0:50,0.1461,0.1621,RAS,,A_VALIDER
ml19_294a_0011_part54.wav,54,4:30,0.1459,0.1592,RAS,,A_VALIDER
ml19_292a_0007_part12.wav,12,1:00,0.1459,0.1829,RAS,,A_VALIDER
ml18_294b_0013_part39.wav,39,3:15,0.1457,0.1746,RAS,,A_VALIDER
ml18_294b_0013_part15.wav,15,1:15,0.1456,0.173,RAS,,A_VALIDER
ml17_280a_0144_part163.wav,163,13:35,0.1455,0.1631,RAS,,A_VALIDER
ml18_294b_0013_part59.wav,59,4:55,0.1455,0.1738,RAS,,A_VALIDER
ml19_292a_0030_part22.wav,22,1:50,0.1454,0.1752,RAS,,A_VALIDER
ml17_280a_0144_part36.wav,36,3:00,0.1453,0.1681,RAS,,A_VALIDER
ml19_294a_0011_part58.wav,58,4:50,0.1453,0.1619,RAS,,A_VALIDER
ml19_292a_0030_part67.wav,67,5:35,0.1452,0.17,RAS,,A_VALIDER
ml18_294b_0042_part24.wav,24,2:00,0.1451,0.1784,RAS,,A_VALIDER
ml19_292b_0026_part36.wav,36,3:00,0.1449,0.1594,RAS,,A_VALIDER
ml18_294b_0042_part28.wav,28,2:20,0.1447,0.181,RAS,,A_VALIDER
ml19_293a_0066_part15.wav,15,1:15,0.1447,0.1656,RAS,,A_VALIDER
ml19_294a_0011_part18.wav,18,1:30,0.1447,0.1569,RAS,,A_VALIDER
ml19_292a_0030_part70.wav,70,5:50,0.1447,0.1627,RAS,,A_VALIDER
ml17_280a_0088_part8.wav,8,0:40,0.1445,0.17,RAS,,A_VALIDER
ml19_292b_0026_part31.wav,31,2:35,0.1444,0.1614,RAS,,A_VALIDER
ml17_280a_0144_part143.wav,143,11:55,0.1443,0.1599,RAS,,A_VALIDER
ml19_293a_0015_part83.wav,83,6:55,0.1441,0.1694,RAS,,A_VALIDER
ml18_294b_0013_part48.wav,48,4:00,0.144,0.1662,RAS,,A_VALIDER
ml19_294a_0011_part22.wav,22,1:50,0.1438,0.157,RAS,,A_VALIDER
ml19_293a_0015_part97.wav,97,8:05,0.1437,0.1703,RAS,,A_VALIDER
ml17_280a_0144_part138.wav,138,11:30,0.1437,0.148,ANOMALIE,Similitude expertise,A_VALIDER
ml19_292a_0007_part33.wav,33,2:45,0.1437,0.1681,RAS,,A_VALIDER
ml19_293a_0066_part55.wav,55,4:35,0.1436,0.1653,RAS,,A_VALIDER
ml19_293a_0066_part89.wav,89,7:25,0.1436,0.1642,RAS,,A_VALIDER
ml17_280a_0088_part120.wav,120,10:00,0.1435,0.1648,RAS,,A_VALIDER
ml19_293a_0015_part90.wav,90,7:30,0.1435,0.1744,RAS,,A_VALIDER
ml19_293a_0015_part125.wav,125,10:25,0.1435,0.1682,RAS,,A_VALIDER
ml19_293a_0015_part75.wav,75,6:15,0.1434,0.1647,RAS,,A_VALIDER
ml17_280a_0088_part134.wav,134,11:10,0.1434,0.1687,RAS,,A_VALIDER
ml18_294b_0076_part9.wav,9,0:45,0.1433,0.1659,RAS,,A_VALIDER
ml19_292a_0007_part35.wav,35,2:55,0.1433,0.1714,RAS,,A_VALIDER
ml19_293a_0015_part129.wav,129,10:45,0.143,0.1665,RAS,,A_VALIDER
ml19_293a_0015_part118.wav,118,9:50,0.143,0.1657,RAS,,A_VALIDER
ml19_293a_0066_part66.wav,66,5:30,0.1427,0.1667,RAS,,A_VALIDER
ml17_280a_0144_part71.wav,71,5:55,0.1427,0.1622,RAS,,A_VALIDER
ml19_292b_0026_part0.wav,0,0:00,0.1426,0.1543,RAS,,A_VALIDER
ml17_280a_0088_part93.wav,93,7:45,0.1425,0.1749,RAS,,A_VALIDER
ml19_293a_0066_part42.wav,42,3:30,0.1425,0.1671,RAS,,A_VALIDER
ml17_280a_0144_part20.wav,20,1:40,0.1424,0.1628,RAS,,A_VALIDER
ml19_293a_0015_part58.wav,58,4:50,0.1424,0.1698,RAS,,A_VALIDER
ml19_293a_0066_part79.wav,79,6:35,0.1423,0.1514,RAS,,A_VALIDER
ml18_296a_0007_part9.wav,9,0:45,0.1422,0.1597,RAS,,A_VALIDER
ml17_280a_0144_part26.wav,26,2:10,0.1422,0.1706,RAS,,A_VALIDER
ml18_294b_0013_part71.wav,71,5:55,0.1421,0.1692,RAS,,A_VALIDER
ml17_280a_0088_part14.wav,14,1:10,0.1419,0.1759,RAS,,A_VALIDER
ml17_280a_0088_part13.wav,13,1:05,0.1418,0.1763,RAS,,A_VALIDER
ml19_293a_0015_part87.wav,87,7:15,0.1416,0.172,RAS,,A_VALIDER
ml19_292a_0030_part86.wav,86,7:10,0.1414,0.1696,RAS,,A_VALIDER
ml19_293a_0015_part133.wav,133,11:05,0.1414,0.1631,RAS,,A_VALIDER
ml17_280a_0088_part122.wav,122,10:10,0.1413,0.168,RAS,,A_VALIDER
ml19_294a_0011_part52.wav,52,4:20,0.1413,0.1541,RAS,,A_VALIDER
ml18_294b_0013_part86.wav,86,7:10,0.1412,0.1622,RAS,,A_VALIDER
ml19_292b_0026_part92.wav,92,7:40,0.141,0.1554,RAS,,A_VALIDER
ml18_294b_0013_part74.wav,74,6:10,0.1409,0.172,RAS,,A_VALIDER
ml17_280a_0144_part66.wav,66,5:30,0.1408,0.1606,RAS,,A_VALIDER
ml17_280a_0088_part102.wav,102,8:30,0.1408,0.1675,RAS,,A_VALIDER
ml19_292a_0030_part55.wav,55,4:35,0.1405,0.1719,RAS,,A_VALIDER
ml19_293a_0066_part27.wav,27,2:15,0.1403,0.1684,RAS,,A_VALIDER
ml19_292a_0030_part11.wav,11,0:55,0.1403,0.1712,RAS,,A_VALIDER
ml19_293a_0066_part65.wav,65,5:25,0.1403,0.163,RAS,,A_VALIDER
ml18_294b_0013_part22.wav,22,1:50,0.1403,0.1729,RAS,,A_VALIDER
ml17_280a_0144_part121.wav,121,10:05,0.1402,0.1578,RAS,,A_VALIDER
ml18_294b_0076_part74.wav,74,6:10,0.14,0.1713,RAS,,A_VALIDER
ml17_280a_0144_part64.wav,64,5:20,0.1397,0.162,RAS,,A_VALIDER
ml18_294b_0076_part67.wav,67,5:35,0.1397,0.1654,RAS,,A_VALIDER
ml17_280a_0088_part138.wav,138,11:30,0.1396,0.1599,RAS,,A_VALIDER
ml17_280a_0088_part127.wav,127,10:35,0.1395,0.1655,RAS,,A_VALIDER
ml18_294b_0013_part58.wav,58,4:50,0.1394,0.1608,RAS,,A_VALIDER
ml17_280a_0088_part82.wav,82,6:50,0.1393,0.173,RAS,,A_VALIDER
ml17_280a_0088_part20.wav,20,1:40,0.1392,0.1741,RAS,,A_VALIDER
ml18_294b_0013_part42.wav,42,3:30,0.1391,0.169,RAS,,A_VALIDER
ml19_293a_0066_part22.wav,22,1:50,0.139,0.1653,RAS,,A_VALIDER
ml18_294b_0076_part22.wav,22,1:50,0.1389,0.1649,RAS,,A_VALIDER
ml19_292a_0030_part20.wav,20,1:40,0.1388,0.1637,RAS,,A_VALIDER
ml19_293a_0015_part62.wav,62,5:10,0.1382,0.1693,RAS,,A_VALIDER
ml19_293a_0015_part119.wav,119,9:55,0.1382,0.1628,RAS,,A_VALIDER
ml17_280a_0088_part41.wav,41,3:25,0.1382,0.1643,RAS,,A_VALIDER
ml19_292b_0026_part14.wav,14,1:10,0.1381,0.1509,RAS,,A_VALIDER
ml18_294b_0076_part21.wav,21,1:45,0.1381,0.1614,RAS,,A_VALIDER
ml17_280a_0088_part12.wav,12,1:00,0.138,0.1705,RAS,,A_VALIDER
ml17_280a_0144_part40.wav,40,3:20,0.1378,0.1623,RAS,,A_VALIDER
ml19_292b_0026_part20.wav,20,1:40,0.1375,0.1472,ANOMALIE,Similitude expertise,A_VALIDER
ml17_280a_0144_part62.wav,62,5:10,0.1374,0.1587,RAS,,A_VALIDER
ml17_280a_0088_part9.wav,9,0:45,0.1373,0.176,RAS,,A_VALIDER
ml19_293a_0015_part61.wav,61,5:05,0.1372,0.1742,RAS,,A_VALIDER
ml18_296a_0007_part20.wav,20,1:40,0.1372,0.1557,RAS,,A_VALIDER
ml18_294b_0042_part13.wav,13,1:05,0.137,0.1675,RAS,,A_VALIDER
ml18_294b_0013_part50.wav,50,4:10,0.137,0.1637,RAS,,A_VALIDER
ml17_280a_0144_part30.wav,30,2:30,0.1367,0.1558,RAS,,A_VALIDER
ml17_280a_0088_part3.wav,3,0:15,0.1365,0.1678,RAS,,A_VALIDER
ml19_293a_0066_part9.wav,9,0:45,0.1364,0.1565,RAS,,A_VALIDER
ml19_292b_0026_part7.wav,7,0:35,0.136,0.1528,RAS,,A_VALIDER
ml19_292b_0026_part115.wav,115,9:35,0.136,0.1504,RAS,,A_VALIDER
ml17_280a_0088_part166.wav,166,13:50,0.136,0.1602,RAS,,A_VALIDER
ml18_294b_0076_part77.wav,77,6:25,0.1359,0.1599,RAS,,A_VALIDER
ml17_280a_0088_part118.wav,118,9:50,0.1357,0.1586,RAS,,A_VALIDER
ml18_294b_0042_part35.wav,35,2:55,0.1357,0.1673,RAS,,A_VALIDER
ml18_294b_0076_part40.wav,40,3:20,0.1356,0.1634,RAS,,A_VALIDER
ml18_294b_0042_part46.wav,46,3:50,0.1354,0.1658,RAS,,A_VALIDER
ml17_280a_0088_part32.wav,32,2:40,0.1354,0.1677,RAS,,A_VALIDER
ml19_293a_0015_part79.wav,79,6:35,0.1353,0.1615,RAS,,A_VALIDER
ml19_293a_0066_part5.wav,5,0:25,0.1351,0.1628,RAS,,A_VALIDER
ml18_294b_0076_part12.wav,12,1:00,0.1351,0.1669,RAS,,A_VALIDER
ml18_294b_0042_part45.wav,45,3:45,0.1348,0.1651,RAS,,A_VALIDER
ml17_280a_0088_part51.wav,51,4:15,0.1348,0.1697,RAS,,A_VALIDER
ml19_293a_0066_part36.wav,36,3:00,0.1346,0.1598,RAS,,A_VALIDER
ml18_294b_0013_part10.wav,10,0:50,0.1346,0.1567,RAS,,A_VALIDER
ml18_294b_0076_part5.wav,5,0:25,0.1346,0.1592,RAS,,A_VALIDER
ml19_292a_0030_part92.wav,92,7:40,0.1344,0.1591,RAS,,A_VALIDER
ml19_293a_0066_part10.wav,10,0:50,0.1344,0.1669,RAS,,A_VALIDER
ml17_280a_0144_part85.wav,85,7:05,0.1342,0.159,RAS,,A_VALIDER
ml19_293a_0015_part49.wav,49,4:05,0.1342,0.1644,RAS,,A_VALIDER
ml18_294b_0013_part35.wav,35,2:55,0.1341,0.1541,RAS,,A_VALIDER
ml18_294b_0013_part25.wav,25,2:05,0.1341,0.165,RAS,,A_VALIDER
ml19_293a_0015_part28.wav,28,2:20,0.1337,0.1637,RAS,,A_VALIDER
ml17_280a_0144_part81.wav,81,6:45,0.1335,0.1553,RAS,,A_VALIDER
ml17_280a_0144_part60.wav,60,5:00,0.1335,0.1641,RAS,,A_VALIDER
ml18_294b_0013_part55.wav,55,4:35,0.1334,0.1547,RAS,,A_VALIDER
ml18_294b_0013_part67.wav,67,5:35,0.1334,0.1549,RAS,,A_VALIDER
ml19_292b_0026_part86.wav,86,7:10,0.1334,0.1495,ANOMALIE,Similitude expertise,A_VALIDER
ml18_294b_0013_part46.wav,46,3:50,0.1331,0.1619,RAS,,A_VALIDER
ml19_293a_0015_part6.wav,6,0:30,0.1331,0.1642,RAS,,A_VALIDER
ml18_294b_0076_part7.wav,7,0:35,0.1331,0.1564,RAS,,A_VALIDER
ml19_292b_0026_part84.wav,84,7:00,0.1329,0.1527,RAS,,A_VALIDER
ml19_293a_0066_part90.wav,90,7:30,0.1329,0.1554,RAS,,A_VALIDER
ml19_293a_0066_part37.wav,37,3:05,0.1328,0.1583,RAS,,A_VALIDER
ml19_293a_0015_part32.wav,32,2:40,0.1328,0.1618,RAS,,A_VALIDER
ml19_292a_0030_part26.wav,26,2:10,0.1327,0.1655,RAS,,A_VALIDER
ml19_293a_0015_part99.wav,99,8:15,0.1326,0.1591,RAS,,A_VALIDER
ml19_293a_0015_part91.wav,91,7:35,0.1324,0.1618,RAS,,A_VALIDER
ml19_293a_0015_part76.wav,76,6:20,0.1324,0.1635,RAS,,A_VALIDER
ml18_294b_0013_part69.wav,69,5:45,0.1323,0.1609,RAS,,A_VALIDER
ml17_280a_0144_part46.wav,46,3:50,0.1321,0.1537,RAS,,A_VALIDER
ml17_280a_0083_part43.wav,43,3:35,0.132,0.1243,ANOMALIE,Similitude expertise,A_VALIDER
ml18_294b_0013_part16.wav,16,1:20,0.1319,0.156,RAS,,A_VALIDER
ml18_294b_0076_part39.wav,39,3:15,0.1318,0.1658,RAS,,A_VALIDER
ml19_293a_0066_part26.wav,26,2:10,0.1318,0.157,RAS,,A_VALIDER
ml19_292a_0007_part6.wav,6,0:30,0.1318,0.1659,RAS,,A_VALIDER
ml18_294b_0013_part62.wav,62,5:10,0.1316,0.1547,RAS,,A_VALIDER
ml18_294b_0013_part34.wav,34,2:50,0.1316,0.1614,RAS,,A_VALIDER
ml17_280a_0088_part126.wav,126,10:30,0.1313,0.16,RAS,,A_VALIDER
ml17_280a_0088_part19.wav,19,1:35,0.1313,0.1667,RAS,,A_VALIDER
ml19_293a_0015_part137.wav,137,11:25,0.1313,0.1523,RAS,,A_VALIDER
ml17_280a_0088_part67.wav,67,5:35,0.1311,0.1703,RAS,,A_VALIDER
ml17_280a_0144_part21.wav,21,1:45,0.131,0.16,RAS,,A_VALIDER
ml17_280a_0144_part63.wav,63,5:15,0.1307,0.1549,RAS,,A_VALIDER
ml19_292a_0007_part10.wav,10,0:50,0.1305,0.1686,RAS,,A_VALIDER
ml18_294b_0013_part18.wav,18,1:30,0.1305,0.147,ANOMALIE,Similitude expertise,A_VALIDER
ml18_294b_0076_part85.wav,85,7:05,0.1304,0.1554,RAS,,A_VALIDER
ml17_280a_0144_part93.wav,93,7:45,0.1303,0.1403,ANOMALIE,Similitude expertise,A_VALIDER
ml19_293a_0015_part72.wav,72,6:00,0.1302,0.1592,RAS,,A_VALIDER
ml17_280a_0144_part146.wav,146,12:10,0.1302,0.1403,ANOMALIE,Similitude expertise,A_VALIDER
ml19_292a_0030_part51.wav,51,4:15,0.1302,0.1503,RAS,,A_VALIDER
ml17_280a_0088_part48.wav,48,4:00,0.1302,0.161,RAS,,A_VALIDER
ml18_294b_0013_part57.wav,57,4:45,0.1301,0.1553,RAS,,A_VALIDER
ml18_296a_0007_part13.wav,13,1:05,0.13,0.1428,ANOMALIE,Similitude expertise,A_VALIDER
ml19_293a_0066_part83.wav,83,6:55,0.13,0.1486,ANOMALIE,Similitude expertise,A_VALIDER
ml17_280a_0144_part19.wav,19,1:35,0.1298,0.1515,RAS,,A_VALIDER
ml17_280a_0144_part109.wav,109,9:05,0.1296,0.1524,RAS,,A_VALIDER
ml19_293a_0066_part3.wav,3,0:15,0.1294,0.1507,RAS,,A_VALIDER
ml17_280a_0088_part103.wav,103,8:35,0.1293,0.1605,RAS,,A_VALIDER
ml19_293a_0015_part53.wav,53,4:25,0.1293,0.1642,RAS,,A_VALIDER
ml18_294b_0076_part27.wav,27,2:15,0.1293,0.1582,RAS,,A_VALIDER
ml18_294b_0013_part7.wav,7,0:35,0.1292,0.1517,RAS,,A_VALIDER
ml19_293a_0066_part76.wav,76,6:20,0.1292,0.1504,RAS,,A_VALIDER
ml17_280a_0088_part62.wav,62,5:10,0.1289,0.1582,RAS,,A_VALIDER
ml18_296a_0007_part19.wav,19,1:35,0.1288,0.1493,ANOMALIE,Similitude expertise,A_VALIDER
ml19_292a_0007_part3.wav,3,0:15,0.1287,0.1673,RAS,,A_VALIDER
ml19_292a_0030_part5.wav,5,0:25,0.1287,0.1637,RAS,,A_VALIDER
ml18_296a_0007_part21.wav,21,1:45,0.1286,0.1491,ANOMALIE,Similitude expertise,A_VALIDER
ml18_294b_0013_part95.wav,95,7:55,0.1284,0.1446,ANOMALIE,Similitude expertise,A_VALIDER
ml19_293a_0066_part33.wav,33,2:45,0.1283,0.1493,ANOMALIE,Similitude expertise,A_VALIDER
ml18_294b_0042_part38.wav,38,3:10,0.1283,0.1581,RAS,,A_VALIDER
ml18_294b_0076_part51.wav,51,4:15,0.1283,0.1568,RAS,,A_VALIDER
ml19_293a_0015_part121.wav,121,10:05,0.1283,0.1489,ANOMALIE,Similitude expertise,A_VALIDER
ml19_293a_0015_part39.wav,39,3:15,0.1283,0.1609,RAS,,A_VALIDER
ml19_293a_0066_part53.wav,53,4:25,0.1282,0.1504,RAS,,A_VALIDER
ml17_280a_0088_part27.wav,27,2:15,0.1282,0.1584,RAS,,A_VALIDER
ml17_280a_0083_part61.wav,61,5:05,0.1281,0.1222,ANOMALIE,Similitude expertise,A_VALIDER
ml18_294b_0013_part64.wav,64,5:20,0.128,0.1531,RAS,,A_VALIDER
ml18_294b_0076_part50.wav,50,4:10,0.1278,0.1589,RAS,,A_VALIDER
ml19_293a_0066_part82.wav,82,6:50,0.1275,0.1488,ANOMALIE,Similitude expertise,A_VALIDER
ml19_292b_0026_part23.wav,23,1:55,0.1275,0.1443,ANOMALIE,Similitude expertise,A_VALIDER
ml19_293a_0015_part93.wav,93,7:45,0.1275,0.1559,RAS,,A_VALIDER
ml17_280a_0088_part25.wav,25,2:05,0.1275,0.1616,RAS,,A_VALIDER
ml19_292b_0026_part16.wav,16,1:20,0.1275,0.1426,ANOMALIE,Similitude expertise,A_VALIDER
ml17_280a_0144_part89.wav,89,7:25,0.1273,0.1486,ANOMALIE,Similitude expertise,A_VALIDER
ml19_292b_0026_part78.wav,78,6:30,0.1271,0.1434,ANOMALIE,Similitude expertise,A_VALIDER
ml17_280a_0088_part155.wav,155,12:55,0.127,0.1508,RAS,,A_VALIDER
ml19_292b_0026_part49.wav,49,4:05,0.127,0.147,ANOMALIE,Similitude expertise,A_VALIDER
ml18_294b_0042_part9.wav,9,0:45,0.1269,0.1534,RAS,,A_VALIDER
ml18_294b_0076_part8.wav,8,0:40,0.1268,0.1545,RAS,,A_VALIDER
ml17_280a_0088_part147.wav,147,12:15,0.1267,0.1532,RAS,,A_VALIDER
ml17_280a_0088_part148.wav,148,12:20,0.1267,0.1483,ANOMALIE,Similitude expertise,A_VALIDER
ml17_280a_0088_part21.wav,21,1:45,0.1267,0.1636,RAS,,A_VALIDER
ml17_280a_0144_part72.wav,72,6:00,0.1267,0.1436,ANOMALIE,Similitude expertise,A_VALIDER
ml18_294b_0076_part49.wav,49,4:05,0.1266,0.1612,RAS,,A_VALIDER
ml19_292b_0026_part26.wav,26,2:10,0.1265,0.1452,ANOMALIE,Similitude expertise,A_VALIDER
ml17_280a_0088_part56.wav,56,4:40,0.1265,0.1573,RAS,,A_VALIDER
ml18_294b_0076_part42.wav,42,3:30,0.1265,0.1582,RAS,,A_VALIDER
ml18_294b_0076_part62.wav,62,5:10,0.1264,0.1501,RAS,,A_VALIDER
ml19_293a_0066_part8.wav,8,0:40,0.1264,0.1554,RAS,,A_VALIDER
ml18_294b_0042_part44.wav,44,3:40,0.1263,0.1551,RAS,,A_VALIDER
ml18_294b_0076_part60.wav,60,5:00,0.1263,0.1494,ANOMALIE,Similitude expertise,A_VALIDER
ml17_280a_0088_part164.wav,164,13:40,0.1262,0.1507,RAS,,A_VALIDER
ml19_292a_0007_part14.wav,14,1:10,0.1262,0.1635,RAS,,A_VALIDER
ml19_293a_0015_part120.wav,120,10:00,0.126,0.1511,RAS,,A_VALIDER
ml18_294b_0042_part6.wav,6,0:30,0.1259,0.1591,RAS,,A_VALIDER
ml18_294b_0076_part56.wav,56,4:40,0.1259,0.1508,RAS,,A_VALIDER
ml19_292b_0026_part3.wav,3,0:15,0.1258,0.1379,ANOMALIE,Similitude expertise,A_VALIDER
ml17_280a_0144_part68.wav,68,5:40,0.1257,0.149,ANOMALIE,Similitude expertise,A_VALIDER
ml19_293a_0066_part41.wav,41,3:25,0.1257,0.1464,ANOMALIE,Similitude expertise,A_VALIDER
ml18_294b_0042_part29.wav,29,2:25,0.1256,0.1615,RAS,,A_VALIDER
ml19_293a_0015_part2.wav,2,0:10,0.1255,0.1571,RAS,,A_VALIDER
ml18_294b_0076_part82.wav,82,6:50,0.1252,0.1436,ANOMALIE,Similitude expertise,A_VALIDER
ml19_292b_0026_part33.wav,33,2:45,0.1251,0.1412,ANOMALIE,Similitude expertise,A_VALIDER
ml19_292a_0030_part77.wav,77,6:25,0.125,0.1464,ANOMALIE,Similitude expertise,A_VALIDER
ml17_280a_0144_part111.wav,111,9:15,0.1249,0.1438,ANOMALIE,Similitude expertise,A_VALIDER
ml18_294b_0013_part9.wav,9,0:45,0.1249,0.1535,RAS,,A_VALIDER
ml18_294b_0042_part20.wav,20,1:40,0.1247,0.1534,RAS,,A_VALIDER
ml18_294b_0076_part26.wav,26,2:10,0.1247,0.154,RAS,,A_VALIDER
ml18_294b_0042_part30.wav,30,2:30,0.1244,0.1547,RAS,,A_VALIDER
ml19_292b_0026_part24.wav,24,2:00,0.1244,0.138,ANOMALIE,Similitude expertise,A_VALIDER
ml19_293a_0015_part42.wav,42,3:30,0.1242,0.1574,RAS,,A_VALIDER
ml17_280a_0088_part78.wav,78,6:30,0.1242,0.1571,RAS,,A_VALIDER
ml18_294b_0042_part34.wav,34,2:50,0.1239,0.157,RAS,,A_VALIDER
ml19_293a_0066_part21.wav,21,1:45,0.1237,0.1509,RAS,,A_VALIDER
ml17_280a_0144_part34.wav,34,2:50,0.1236,0.1537,RAS,,A_VALIDER
ml19_293a_0015_part21.wav,21,1:45,0.1236,0.158,RAS,,A_VALIDER
ml18_294b_0042_part7.wav,7,0:35,0.1235,0.1532,RAS,,A_VALIDER
ml19_293a_0066_part78.wav,78,6:30,0.1234,0.1435,ANOMALIE,Similitude expertise,A_VALIDER
ml17_280a_0088_part106.wav,106,8:50,0.1234,0.153,RAS,,A_VALIDER
ml17_280a_0144_part126.wav,126,10:30,0.1233,0.1439,ANOMALIE,Similitude expertise,A_VALIDER
ml17_280a_0088_part79.wav,79,6:35,0.1232,0.1482,ANOMALIE,Similitude expertise,A_VALIDER
ml19_292a_0030_part54.wav,54,4:30,0.1231,0.1441,ANOMALIE,Similitude expertise,A_VALIDER
ml18_294b_0013_part41.wav,41,3:25,0.123,0.15,RAS,,A_VALIDER
ml17_280a_0088_part94.wav,94,7:50,0.123,0.1484,ANOMALIE,Similitude expertise,A_VALIDER
ml18_294b_0013_part20.wav,20,1:40,0.1229,0.1448,ANOMALIE,Similitude expertise,A_VALIDER
ml19_293a_0015_part44.wav,44,3:40,0.1228,0.1558,RAS,,A_VALIDER
ml17_280a_0144_part83.wav,83,6:55,0.1228,0.1433,ANOMALIE,Similitude expertise,A_VALIDER
ml19_292a_0007_part18.wav,18,1:30,0.1227,0.1576,RAS,,A_VALIDER
ml17_280a_0144_part25.wav,25,2:05,0.1227,0.1484,ANOMALIE,Similitude expertise,A_VALIDER
ml18_294b_0042_part5.wav,5,0:25,0.1226,0.1583,RAS,,A_VALIDER
ml18_294b_0076_part13.wav,13,1:05,0.1224,0.1529,RAS,,A_VALIDER
ml19_293a_0066_part88.wav,88,7:20,0.1224,0.1466,ANOMALIE,Similitude expertise,A_VALIDER
ml18_294b_0076_part61.wav,61,5:05,0.1223,0.1496,ANOMALIE,Similitude expertise,A_VALIDER
ml19_293a_0015_part106.wav,106,8:50,0.1223,0.1464,ANOMALIE,Similitude expertise,A_VALIDER
ml18_296a_0007_part12.wav,12,1:00,0.1223,0.1387,ANOMALIE,Similitude expertise,A_VALIDER
ml19_293a_0015_part113.wav,113,9:25,0.1221,0.1517,RAS,,A_VALIDER
ml17_280a_0144_part7.wav,7,0:35,0.1221,0.1444,ANOMALIE,Similitude expertise,A_VALIDER
ml18_294b_0042_part40.wav,40,3:20,0.122,0.1463,ANOMALIE,Similitude expertise,A_VALIDER
ml17_280a_0088_part49.wav,49,4:05,0.122,0.1593,RAS,,A_VALIDER
ml18_294b_0076_part44.wav,44,3:40,0.122,0.1509,RAS,,A_VALIDER
ml19_292a_0030_part84.wav,84,7:00,0.122,0.1424,ANOMALIE,Similitude expertise,A_VALIDER
ml18_294b_0076_part68.wav,68,5:40,0.122,0.1464,ANOMALIE,Similitude expertise,A_VALIDER
ml18_294b_0076_part46.wav,46,3:50,0.1219,0.1533,RAS,,A_VALIDER
ml19_292b_0026_part22.wav,22,1:50,0.1219,0.1368,ANOMALIE,Similitude expertise,A_VALIDER
ml19_292a_0030_part17.wav,17,1:25,0.1219,0.1556,RAS,,A_VALIDER
ml19_293a_0015_part84.wav,84,7:00,0.1219,0.1489,ANOMALIE,Similitude expertise,A_VALIDER
ml19_293a_0015_part57.wav,57,4:45,0.1218,0.1513,RAS,,A_VALIDER
ml19_292a_0030_part13.wav,13,1:05,0.1217,0.1516,RAS,,A_VALIDER
ml17_280a_0144_part41.wav,41,3:25,0.1217,0.1463,ANOMALIE,Similitude expertise,A_VALIDER
ml18_294b_0013_part24.wav,24,2:00,0.1217,0.1481,ANOMALIE,Similitude expertise,A_VALIDER
ml17_280a_0088_part18.wav,18,1:30,0.1216,0.1573,RAS,,A_VALIDER
ml17_280a_0088_part35.wav,35,2:55,0.1215,0.1569,RAS,,A_VALIDER
ml18_294b_0013_part56.wav,56,4:40,0.1214,0.1467,ANOMALIE,Similitude expertise,A_VALIDER
ml17_280a_0088_part68.wav,68,5:40,0.1214,0.1525,RAS,,A_VALIDER
ml18_294b_0042_part32.wav,32,2:40,0.1212,0.1521,RAS,,A_VALIDER
ml18_294b_0076_part31.wav,31,2:35,0.1212,0.1505,RAS,,A_VALIDER
ml18_294b_0076_part24.wav,24,2:00,0.1212,0.1555,RAS,,A_VALIDER
ml19_293a_0066_part4.wav,4,0:20,0.1212,0.1508,RAS,,A_VALIDER
ml19_292a_0030_part60.wav,60,5:00,0.1211,0.1482,ANOMALIE,Similitude expertise,A_VALIDER
ml17_280a_0144_part120.wav,120,10:00,0.1211,0.1371,ANOMALIE,Similitude expertise,A_VALIDER
ml19_292b_0026_part15.wav,15,1:15,0.1211,0.1366,ANOMALIE,Similitude expertise,A_VALIDER
ml17_280a_0144_part158.wav,158,13:10,0.121,0.1443,ANOMALIE,Similitude expertise,A_VALIDER
ml17_280a_0088_part70.wav,70,5:50,0.121,0.1519,RAS,,A_VALIDER
ml19_293a_0066_part19.wav,19,1:35,0.1209,0.1443,ANOMALIE,Similitude expertise,A_VALIDER
ml17_280a_0088_part119.wav,119,9:55,0.1208,0.1518,RAS,,A_VALIDER
ml19_293a_0015_part115.wav,115,9:35,0.1206,0.1474,ANOMALIE,Similitude expertise,A_VALIDER
ml19_292b_0026_part17.wav,17,1:25,0.1205,0.1387,ANOMALIE,Similitude expertise,A_VALIDER
ml19_292a_0030_part9.wav,9,0:45,0.1204,0.157,RAS,,A_VALIDER
ml17_280a_0088_part105.wav,105,8:45,0.1204,0.1507,RAS,,A_VALIDER
ml19_293a_0066_part11.wav,11,0:55,0.1204,0.1434,ANOMALIE,Similitude expertise,A_VALIDER
ml19_292a_0030_part0.wav,0,0:00,0.1202,0.1512,RAS,,A_VALIDER
ml19_293a_0015_part43.wav,43,3:35,0.1199,0.1522,RAS,,A_VALIDER
ml17_280a_0088_part7.wav,7,0:35,0.1197,0.1533,RAS,,A_VALIDER
ml19_293a_0015_part98.wav,98,8:10,0.1196,0.1471,ANOMALIE,Similitude expertise,A_VALIDER
ml17_280a_0088_part132.wav,132,11:00,0.1194,0.1496,ANOMALIE,Similitude expertise,A_VALIDER
ml18_294b_0076_part10.wav,10,0:50,0.1194,0.1454,ANOMALIE,Similitude expertise,A_VALIDER
ml19_292b_0026_part25.wav,25,2:05,0.1194,0.1393,ANOMALIE,Similitude expertise,A_VALIDER
ml18_294b_0076_part15.wav,15,1:15,0.1194,0.1438,ANOMALIE,Similitude expertise,A_VALIDER
ml17_280a_0088_part74.wav,74,6:10,0.1192,0.1531,RAS,,A_VALIDER
ml19_292a_0030_part58.wav,58,4:50,0.1192,0.1478,ANOMALIE,Similitude expertise,A_VALIDER
ml19_292a_0007_part27.wav,27,2:15,0.119,0.1539,RAS,,A_VALIDER
ml18_294b_0013_part6.wav,6,0:30,0.119,0.1439,ANOMALIE,Similitude expertise,A_VALIDER
ml19_293a_0015_part126.wav,126,10:30,0.1189,0.1437,ANOMALIE,Similitude expertise,A_VALIDER
ml18_294b_0042_part1.wav,1,0:05,0.1188,0.1549,RAS,,A_VALIDER
ml18_294b_0013_part87.wav,87,7:15,0.1188,0.1359,ANOMALIE,Similitude expertise,A_VALIDER
ml17_280a_0088_part0.wav,0,0:00,0.1186,0.151,RAS,,A_VALIDER
ml17_280a_0144_part5.wav,5,0:25,0.1185,0.1354,ANOMALIE,Similitude expertise,A_VALIDER
ml19_293a_0015_part63.wav,63,5:15,0.1185,0.1467,ANOMALIE,Similitude expertise,A_VALIDER
ml17_280a_0088_part123.wav,123,10:15,0.1184,0.1458,ANOMALIE,Similitude expertise,A_VALIDER
ml19_293a_0066_part52.wav,52,4:20,0.1184,0.144,ANOMALIE,Similitude expertise,A_VALIDER
ml18_294b_0042_part48.wav,48,4:00,0.1184,0.1445,ANOMALIE,Similitude expertise,A_VALIDER
ml19_292b_0026_part6.wav,6,0:30,0.1182,0.1351,ANOMALIE,Similitude expertise,A_VALIDER
ml17_280a_0088_part109.wav,109,9:05,0.1182,0.147,ANOMALIE,Similitude expertise,A_VALIDER
ml19_293a_0015_part46.wav,46,3:50,0.1181,0.152,RAS,,A_VALIDER
ml19_293a_0015_part71.wav,71,5:55,0.118,0.1495,ANOMALIE,Similitude expertise,A_VALIDER
ml19_293a_0015_part124.wav,124,10:20,0.118,0.1424,ANOMALIE,Similitude expertise,A_VALIDER
ml19_292a_0030_part64.wav,64,5:20,0.1178,0.1421,ANOMALIE,Similitude expertise,A_VALIDER
ml17_280a_0144_part147.wav,147,12:15,0.1177,0.1364,ANOMALIE,Similitude expertise,A_VALIDER
ml18_294b_0042_part31.wav,31,2:35,0.1176,0.142,ANOMALIE,Similitude expertise,A_VALIDER
ml18_294b_0042_part3.wav,3,0:15,0.1176,0.1509,RAS,,A_VALIDER
ml18_294b_0042_part47.wav,47,3:55,0.1175,0.147,ANOMALIE,Similitude expertise,A_VALIDER
ml19_292a_0007_part41.wav,41,3:25,0.1175,0.1477,ANOMALIE,Similitude expertise,A_VALIDER
ml17_280a_0088_part15.wav,15,1:15,0.1174,0.1555,RAS,,A_VALIDER
ml17_280a_0088_part22.wav,22,1:50,0.1174,0.148,ANOMALIE,Similitude expertise,A_VALIDER
ml18_294b_0042_part25.wav,25,2:05,0.1173,0.152,RAS,,A_VALIDER
ml17_280a_0088_part100.wav,100,8:20,0.1173,0.1449,ANOMALIE,Similitude expertise,A_VALIDER
ml19_293a_0015_part65.wav,65,5:25,0.1173,0.1534,RAS,,A_VALIDER
ml17_280a_0088_part160.wav,160,13:20,0.1172,0.1434,ANOMALIE,Similitude expertise,A_VALIDER
ml19_293a_0015_part20.wav,20,1:40,0.1171,0.1568,RAS,,A_VALIDER
ml17_280a_0088_part23.wav,23,1:55,0.1171,0.1498,ANOMALIE,Similitude expertise,A_VALIDER
ml19_293a_0015_part136.wav,136,11:20,0.1171,0.137,ANOMALIE,Similitude expertise,A_VALIDER
ml18_296a_0007_part8.wav,8,0:40,0.117,0.1323,ANOMALIE,Similitude expertise,A_VALIDER
ml18_294b_0013_part13.wav,13,1:05,0.1169,0.1386,ANOMALIE,Similitude expertise,A_VALIDER
ml19_293a_0066_part56.wav,56,4:40,0.1169,0.1385,ANOMALIE,Similitude expertise,A_VALIDER
ml19_292b_0026_part82.wav,82,6:50,0.1169,0.135,ANOMALIE,Similitude expertise,A_VALIDER
ml19_292a_0030_part74.wav,74,6:10,0.1169,0.1469,ANOMALIE,Similitude expertise,A_VALIDER
ml19_292a_0007_part11.wav,11,0:55,0.1168,0.1446,ANOMALIE,Similitude expertise,A_VALIDER
ml18_294b_0042_part11.wav,11,0:55,0.1167,0.149,ANOMALIE,Similitude expertise,A_VALIDER
ml17_280a_0088_part54.wav,54,4:30,0.1167,0.1572,RAS,,A_VALIDER
ml17_280a_0088_part116.wav,116,9:40,0.1166,0.1418,ANOMALIE,Similitude expertise,A_VALIDER
ml18_294b_0076_part76.wav,76,6:20,0.1164,0.1452,ANOMALIE,Similitude expertise,A_VALIDER
ml19_293a_0015_part54.wav,54,4:30,0.1164,0.1501,RAS,,A_VALIDER
ml19_293a_0015_part111.wav,111,9:15,0.1163,0.1385,ANOMALIE,Similitude expertise,A_VALIDER
ml17_280a_0088_part141.wav,141,11:45,0.1163,0.1373,ANOMALIE,Similitude expertise,A_VALIDER
ml17_280a_0088_part113.wav,113,9:25,0.1163,0.1469,ANOMALIE,Similitude expertise,A_VALIDER
ml17_280a_0088_part145.wav,145,12:05,0.1161,0.1423,ANOMALIE,Similitude expertise,A_VALIDER
ml18_294b_0076_part33.wav,33,2:45,0.1159,0.146,ANOMALIE,Similitude expertise,A_VALIDER
ml17_280a_0088_part159.wav,159,13:15,0.1158,0.136,ANOMALIE,Similitude expertise,A_VALIDER
ml18_294b_0042_part50.wav,50,4:10,0.1156,0.1461,ANOMALIE,Similitude expertise,A_VALIDER
ml17_280a_0088_part107.wav,107,8:55,0.1156,0.1453,ANOMALIE,Similitude expertise,A_VALIDER
ml18_294b_0076_part71.wav,71,5:55,0.1156,0.1439,ANOMALIE,Similitude expertise,A_VALIDER
ml17_280a_0083_part50.wav,50,4:10,0.1156,0.1049,ANOMALIE,Similitude expertise,A_VALIDER
ml17_280a_0144_part58.wav,58,4:50,0.1155,0.1454,ANOMALIE,Similitude expertise,A_VALIDER
ml19_293a_0015_part7.wav,7,0:35,0.1154,0.1484,ANOMALIE,Similitude expertise,A_VALIDER
ml19_293a_0015_part100.wav,100,8:20,0.1153,0.1516,RAS,,A_VALIDER
ml19_292a_0030_part1.wav,1,0:05,0.1152,0.149,ANOMALIE,Similitude expertise,A_VALIDER
ml19_293a_0015_part77.wav,77,6:25,0.1148,0.1479,ANOMALIE,Similitude expertise,A_VALIDER
ml19_293a_0066_part6.wav,6,0:30,0.1148,0.1342,ANOMALIE,Similitude expertise,A_VALIDER
ml19_292a_0030_part30.wav,30,2:30,0.1148,0.1414,ANOMALIE,Similitude expertise,A_VALIDER
ml19_292b_0026_part38.wav,38,3:10,0.1148,0.1335,ANOMALIE,Similitude expertise,A_VALIDER
ml17_280a_0088_part163.wav,163,13:35,0.1147,0.139,ANOMALIE,Similitude expertise,A_VALIDER
ml18_294b_0076_part79.wav,79,6:35,0.1147,0.1397,ANOMALIE,Similitude expertise,A_VALIDER
ml17_280a_0088_part135.wav,135,11:15,0.1146,0.1421,ANOMALIE,Similitude expertise,A_VALIDER
ml18_294b_0076_part37.wav,37,3:05,0.1145,0.1465,ANOMALIE,Similitude expertise,A_VALIDER
ml18_294b_0076_part65.wav,65,5:25,0.1143,0.1445,ANOMALIE,Similitude expertise,A_VALIDER
ml19_293a_0015_part0.wav,0,0:00,0.1143,0.1483,ANOMALIE,Similitude expertise,A_VALIDER
ml19_293a_0015_part96.wav,96,8:00,0.1143,0.14,ANOMALIE,Similitude expertise,A_VALIDER
ml19_293a_0066_part61.wav,61,5:05,0.1143,0.1391,ANOMALIE,Similitude expertise,A_VALIDER
ml19_292a_0030_part80.wav,80,6:40,0.1142,0.1357,ANOMALIE,Similitude expertise,A_VALIDER
ml18_294b_0042_part19.wav,19,1:35,0.1142,0.1503,RAS,,A_VALIDER
ml18_294b_0076_part45.wav,45,3:45,0.1141,0.1416,ANOMALIE,Similitude expertise,A_VALIDER
ml18_294b_0013_part72.wav,72,6:00,0.114,0.1361,ANOMALIE,Similitude expertise,A_VALIDER
ml17_280a_0144_part28.wav,28,2:20,0.114,0.1458,ANOMALIE,Similitude expertise,A_VALIDER
ml18_294b_0013_part60.wav,60,5:00,0.1137,0.142,ANOMALIE,Similitude expertise,A_VALIDER
ml18_294b_0076_part29.wav,29,2:25,0.1137,0.1431,ANOMALIE,Similitude expertise,A_VALIDER
ml19_293a_0015_part122.wav,122,10:10,0.1137,0.1371,ANOMALIE,Similitude expertise,A_VALIDER
ml19_293a_0015_part10.wav,10,0:50,0.1136,0.1458,ANOMALIE,Similitude expertise,A_VALIDER
ml17_280a_0088_part130.wav,130,10:50,0.1135,0.1445,ANOMALIE,Similitude expertise,A_VALIDER
ml18_294b_0076_part35.wav,35,2:55,0.1135,0.1505,RAS,,A_VALIDER
ml17_280a_0144_part125.wav,125,10:25,0.1135,0.1293,ANOMALIE,Similitude expertise,A_VALIDER
ml17_280a_0088_part92.wav,92,7:40,0.1135,0.1483,ANOMALIE,Similitude expertise,A_VALIDER
ml19_292a_0030_part32.wav,32,2:40,0.1134,0.1416,ANOMALIE,Similitude expertise,A_VALIDER
ml17_280a_0088_part143.wav,143,11:55,0.1128,0.1371,ANOMALIE,Similitude expertise,A_VALIDER
ml17_280a_0144_part117.wav,117,9:45,0.1128,0.1305,ANOMALIE,Similitude expertise,A_VALIDER
ml17_280a_0083_part53.wav,53,4:25,0.1127,0.1027,ANOMALIE,Similitude expertise,A_VALIDER
ml18_294b_0013_part33.wav,33,2:45,0.1123,0.1437,ANOMALIE,Similitude expertise,A_VALIDER
ml18_294b_0042_part39.wav,39,3:15,0.1122,0.1395,ANOMALIE,Similitude expertise,A_VALIDER
ml18_294b_0013_part30.wav,30,2:30,0.1122,0.1462,ANOMALIE,Similitude expertise,A_VALIDER
ml19_292b_0026_part27.wav,27,2:15,0.1122,0.1245,ANOMALIE,Similitude expertise,A_VALIDER
ml18_294b_0013_part83.wav,83,6:55,0.1118,0.1321,ANOMALIE,Similitude expertise,A_VALIDER
ml17_280a_0088_part88.wav,88,7:20,0.1118,0.1455,ANOMALIE,Similitude expertise,A_VALIDER
ml19_293a_0066_part45.wav,45,3:45,0.1117,0.1382,ANOMALIE,Similitude expertise,A_VALIDER
ml17_280a_0088_part86.wav,86,7:10,0.1116,0.1449,ANOMALIE,Similitude expertise,A_VALIDER
ml19_293a_0015_part130.wav,130,10:50,0.1116,0.1342,ANOMALIE,Similitude expertise,A_VALIDER
ml17_280a_0088_part55.wav,55,4:35,0.1116,0.1457,ANOMALIE,Similitude expertise,A_VALIDER
ml19_292a_0030_part34.wav,34,2:50,0.1116,0.14,ANOMALIE,Similitude expertise,A_VALIDER
ml18_294b_0076_part38.wav,38,3:10,0.1116,0.142,ANOMALIE,Similitude expertise,A_VALIDER
ml19_292a_0030_part41.wav,41,3:25,0.1114,0.1393,ANOMALIE,Similitude expertise,A_VALIDER
ml19_293a_0015_part14.wav,14,1:10,0.1113,0.1473,ANOMALIE,Similitude expertise,A_VALIDER
ml19_293a_0066_part71.wav,71,5:55,0.1111,0.1299,ANOMALIE,Similitude expertise,A_VALIDER
ml19_292a_0007_part29.wav,29,2:25,0.111,0.1433,ANOMALIE,Similitude expertise,A_VALIDER
ml17_280a_0144_part47.wav,47,3:55,0.111,0.1408,ANOMALIE,Similitude expertise,A_VALIDER
ml17_280a_0088_part87.wav,87,7:15,0.1109,0.1447,ANOMALIE,Similitude expertise,A_VALIDER
ml19_293a_0015_part80.wav,80,6:40,0.1108,0.1439,ANOMALIE,Similitude expertise,A_VALIDER
ml19_292a_0030_part35.wav,35,2:55,0.1106,0.1376,ANOMALIE,Similitude expertise,A_VALIDER
ml17_280a_0088_part38.wav,38,3:10,0.1106,0.1424,ANOMALIE,Similitude expertise,A_VALIDER
ml19_292a_0007_part4.wav,4,0:20,0.1106,0.1509,RAS,,A_VALIDER
ml18_294b_0076_part18.wav,18,1:30,0.1105,0.1428,ANOMALIE,Similitude expertise,A_VALIDER
ml17_280a_0144_part57.wav,57,4:45,0.1104,0.1395,ANOMALIE,Similitude expertise,A_VALIDER
ml19_293a_0066_part68.wav,68,5:40,0.1104,0.1308,ANOMALIE,Similitude expertise,A_VALIDER
ml17_280a_0144_part42.wav,42,3:30,0.1104,0.1356,ANOMALIE,Similitude expertise,A_VALIDER
ml18_294b_0076_part52.wav,52,4:20,0.1104,0.1432,ANOMALIE,Similitude expertise,A_VALIDER
ml19_292b_0026_part28.wav,28,2:20,0.1101,0.1314,ANOMALIE,Similitude expertise,A_VALIDER
ml19_292a_0007_part9.wav,9,0:45,0.1101,0.1469,ANOMALIE,Similitude expertise,A_VALIDER
ml17_280a_0144_part3.wav,3,0:15,0.11,0.1355,ANOMALIE,Similitude expertise,A_VALIDER
ml18_294b_0042_part12.wav,12,1:00,0.11,0.1421,ANOMALIE,Similitude expertise,A_VALIDER
ml17_280a_0088_part124.wav,124,10:20,0.1099,0.1369,ANOMALIE,Similitude expertise,A_VALIDER
ml17_280a_0083_part56.wav,56,4:40,0.1099,0.099,ANOMALIE,Similitude expertise,A_VALIDER
ml17_280a_0088_part97.wav,97,8:05,0.1099,0.141,ANOMALIE,Similitude expertise,A_VALIDER
ml18_294b_0076_part19.wav,19,1:35,0.1098,0.1351,ANOMALIE,Similitude expertise,A_VALIDER
ml17_280a_0144_part118.wav,118,9:50,0.1097,0.1314,ANOMALIE,Similitude expertise,A_VALIDER
ml17_280a_0088_part46.wav,46,3:50,0.1092,0.1423,ANOMALIE,Similitude expertise,A_VALIDER
ml19_293a_0015_part13.wav,13,1:05,0.1092,0.1422,ANOMALIE,Similitude expertise,A_VALIDER
ml17_280a_0088_part37.wav,37,3:05,0.1092,0.1459,ANOMALIE,Similitude expertise,A_VALIDER
ml19_292a_0030_part50.wav,50,4:10,0.1091,0.1322,ANOMALIE,Similitude expertise,A_VALIDER
ml17_280a_0088_part129.wav,129,10:45,0.1091,0.1317,ANOMALIE,Similitude expertise,A_VALIDER
ml19_292b_0026_part34.wav,34,2:50,0.1091,0.1292,ANOMALIE,Similitude expertise,A_VALIDER
ml17_280a_0088_part28.wav,28,2:20,0.1087,0.1421,ANOMALIE,Similitude expertise,A_VALIDER
ml18_294b_0076_part14.wav,14,1:10,0.1085,0.1348,ANOMALIE,Similitude expertise,A_VALIDER
ml19_293a_0015_part95.wav,95,7:55,0.1084,0.1378,ANOMALIE,Similitude expertise,A_VALIDER
ml19_293a_0015_part16.wav,16,1:20,0.1084,0.143,ANOMALIE,Similitude expertise,A_VALIDER
ml17_280a_0144_part38.wav,38,3:10,0.1083,0.1333,ANOMALIE,Similitude expertise,A_VALIDER
ml18_294b_0042_part33.wav,33,2:45,0.1083,0.1371,ANOMALIE,Similitude expertise,A_VALIDER
ml19_292a_0007_part8.wav,8,0:40,0.1083,0.1445,ANOMALIE,Similitude expertise,A_VALIDER
ml18_294b_0076_part75.wav,75,6:15,0.1082,0.1324,ANOMALIE,Similitude expertise,A_VALIDER
ml17_280a_0088_part5.wav,5,0:25,0.1081,0.1398,ANOMALIE,Similitude expertise,A_VALIDER
ml18_294b_0076_part30.wav,30,2:30,0.1081,0.1379,ANOMALIE,Similitude expertise,A_VALIDER
ml17_280a_0144_part70.wav,70,5:50,0.1081,0.1346,ANOMALIE,Similitude expertise,A_VALIDER
ml18_294b_0076_part2.wav,2,0:10,0.1078,0.1316,ANOMALIE,Similitude expertise,A_VALIDER
ml17_280a_0088_part84.wav,84,7:00,0.1077,0.1379,ANOMALIE,Similitude expertise,A_VALIDER
ml18_294b_0013_part79.wav,79,6:35,0.1077,0.1343,ANOMALIE,Similitude expertise,A_VALIDER
ml18_294b_0042_part17.wav,17,1:25,0.1076,0.1381,ANOMALIE,Similitude expertise,A_VALIDER
ml19_292a_0030_part40.wav,40,3:20,0.1069,0.1416,ANOMALIE,Similitude expertise,A_VALIDER
ml17_280a_0088_part50.wav,50,4:10,0.1068,0.14,ANOMALIE,Similitude expertise,A_VALIDER
ml19_293a_0066_part31.wav,31,2:35,0.1067,0.1281,ANOMALIE,Similitude expertise,A_VALIDER
ml18_294b_0076_part72.wav,72,6:00,0.1065,0.131,ANOMALIE,Similitude expertise,A_VALIDER
ml17_280a_0088_part63.wav,63,5:15,0.1062,0.1409,ANOMALIE,Similitude expertise,A_VALIDER
ml19_292a_0030_part88.wav,88,7:20,0.106,0.1323,ANOMALIE,Similitude expertise,A_VALIDER
ml19_292a_0030_part12.wav,12,1:00,0.106,0.1387,ANOMALIE,Similitude expertise,A_VALIDER
ml19_293a_0066_part46.wav,46,3:50,0.1056,0.131,ANOMALIE,Similitude expertise,A_VALIDER
ml19_292a_0030_part27.wav,27,2:15,0.1056,0.1394,ANOMALIE,Similitude expertise,A_VALIDER
ml17_280a_0088_part24.wav,24,2:00,0.1056,0.1419,ANOMALIE,Similitude expertise,A_VALIDER
ml19_293a_0015_part51.wav,51,4:15,0.1054,0.1438,ANOMALIE,Similitude expertise,A_VALIDER
ml18_294b_0013_part88.wav,88,7:20,0.1051,0.124,ANOMALIE,Similitude expertise,A_VALIDER
ml19_293a_0015_part59.wav,59,4:55,0.1051,0.1409,ANOMALIE,Similitude expertise,A_VALIDER
ml19_293a_0015_part69.wav,69,5:45,0.105,0.1378,ANOMALIE,Similitude expertise,A_VALIDER
ml19_293a_0066_part44.wav,44,3:40,0.105,0.1327,ANOMALIE,Similitude expertise,A_VALIDER
ml19_292a_0030_part47.wav,47,3:55,0.1048,0.1344,ANOMALIE,Similitude expertise,A_VALIDER
ml19_292a_0007_part40.wav,40,3:20,0.1047,0.1358,ANOMALIE,Similitude expertise,A_VALIDER
ml19_292a_0007_part24.wav,24,2:00,0.1047,0.1364,ANOMALIE,Similitude expertise,A_VALIDER
ml17_280a_0088_part144.wav,144,12:00,0.1042,0.1264,ANOMALIE,Similitude expertise,A_VALIDER
ml19_293a_0015_part66.wav,66,5:30,0.1042,0.1374,ANOMALIE,Similitude expertise,A_VALIDER
ml19_293a_0015_part85.wav,85,7:05,0.104,0.1312,ANOMALIE,Similitude expertise,A_VALIDER
ml19_293a_0015_part105.wav,105,8:45,0.1035,0.1241,ANOMALIE,Similitude expertise,A_VALIDER
ml19_292a_0007_part5.wav,5,0:25,0.1031,0.1344,ANOMALIE,Similitude expertise,A_VALIDER
ml17_280a_0144_part141.wav,141,11:45,0.1031,0.1214,ANOMALIE,Similitude expertise,A_VALIDER
ml18_296a_0007_part0.wav,0,0:00,0.1031,0.1205,ANOMALIE,Similitude expertise,A_VALIDER
ml19_292a_0030_part28.wav,28,2:20,0.103,0.1387,ANOMALIE,Similitude expertise,A_VALIDER
ml19_293a_0015_part74.wav,74,6:10,0.103,0.135,ANOMALIE,Similitude expertise,A_VALIDER
ml17_280a_0144_part65.wav,65,5:25,0.103,0.1332,ANOMALIE,Similitude expertise,A_VALIDER
ml19_293a_0066_part93.wav,93,7:45,0.1026,0.1257,ANOMALIE,Similitude expertise,A_VALIDER
ml17_280a_0088_part150.wav,150,12:30,0.1025,0.1257,ANOMALIE,Similitude expertise,A_VALIDER
ml19_292b_0026_part21.wav,21,1:45,0.1024,0.1168,ANOMALIE,Similitude expertise,RAS
ml19_293a_0066_part54.wav,54,4:30,0.1023,0.1276,ANOMALIE,Similitude expertise,A_VALIDER
ml18_294b_0013_part94.wav,94,7:50,0.1023,0.129,ANOMALIE,Similitude expertise,A_VALIDER
ml17_280a_0088_part65.wav,65,5:25,0.1023,0.1388,ANOMALIE,Similitude expertise,A_VALIDER
ml19_293a_0015_part73.wav,73,6:05,0.1022,0.1309,ANOMALIE,Similitude expertise,A_VALIDER
ml18_296a_0007_part23.wav,23,1:55,0.1022,0.1235,ANOMALIE,Similitude expertise,A_VALIDER
ml17_280a_0088_part156.wav,156,13:00,0.1022,0.127,ANOMALIE,Similitude expertise,A_VALIDER
ml19_292a_0030_part24.wav,24,2:00,0.1022,0.1359,ANOMALIE,Similitude expertise,A_VALIDER
ml17_280a_0088_part52.wav,52,4:20,0.1021,0.1404,ANOMALIE,Similitude expertise,A_VALIDER
ml17_280a_0083_part71.wav,71,5:55,0.1019,0.0891,ANOMALIE,Similitude expertise,A_VALIDER
ml17_280a_0088_part99.wav,99,8:15,0.1017,0.1289,ANOMALIE,Similitude expertise,A_VALIDER
ml18_294b_0042_part23.wav,23,1:55,0.1016,0.1302,ANOMALIE,Similitude expertise,A_VALIDER
ml17_280a_0088_part136.wav,136,11:20,0.1015,0.1299,ANOMALIE,Similitude expertise,A_VALIDER
ml17_280a_0088_part44.wav,44,3:40,0.1014,0.1384,ANOMALIE,Similitude expertise,A_VALIDER
ml19_293a_0015_part86.wav,86,7:10,0.1012,0.1267,ANOMALIE,Similitude expertise,A_VALIDER
ml19_292a_0030_part89.wav,89,7:25,0.1011,0.126,ANOMALIE,Similitude expertise,A_VALIDER
ml17_280a_0144_part51.wav,51,4:15,0.1011,0.1301,ANOMALIE,Similitude expertise,A_VALIDER
ml17_280a_0144_part45.wav,45,3:45,0.101,0.1344,ANOMALIE,Similitude expertise,A_VALIDER
ml17_280a_0088_part1.wav,1,0:05,0.1009,0.1291,ANOMALIE,Similitude expertise,A_VALIDER
ml19_292a_0030_part18.wav,18,1:30,0.1008,0.1372,ANOMALIE,Similitude expertise,A_VALIDER
ml19_292a_0030_part31.wav,31,2:35,0.1008,0.1322,ANOMALIE,Similitude expertise,A_VALIDER
ml17_280a_0144_part61.wav,61,5:05,0.1008,0.1274,ANOMALIE,Similitude expertise,A_VALIDER
ml19_292a_0030_part16.wav,16,1:20,0.1008,0.1334,ANOMALIE,Similitude expertise,A_VALIDER
ml19_293a_0015_part60.wav,60,5:00,0.1006,0.1347,ANOMALIE,Similitude expertise,A_VALIDER
ml19_293a_0015_part55.wav,55,4:35,0.1005,0.1275,ANOMALIE,Similitude expertise,A_VALIDER
ml17_280a_0088_part91.wav,91,7:35,0.1005,0.1309,ANOMALIE,Similitude expertise,A_VALIDER
ml19_292a_0030_part45.wav,45,3:45,0.1002,0.1303,ANOMALIE,Similitude expertise,A_VALIDER
ml17_280a_0083_part62.wav,62,5:10,0.1002,0.0896,ANOMALIE,Similitude expertise,A_VALIDER
ml17_280a_0088_part47.wav,47,3:55,0.1001,0.1401,ANOMALIE,Similitude expertise,A_VALIDER
ml19_293a_0066_part69.wav,69,5:45,0.1,0.1261,ANOMALIE,Similitude expertise,A_VALIDER
ml19_292a_0030_part25.wav,25,2:05,0.1,0.136,ANOMALIE,Similitude expertise,A_VALIDER
ml18_294b_0042_part49.wav,49,4:05,0.1,0.1323,ANOMALIE,Similitude expertise,A_VALIDER
ml17_280a_0088_part95.wav,95,7:55,0.1,0.1285,ANOMALIE,Similitude expertise,A_VALIDER
ml19_292a_0007_part26.wav,26,2:10,0.0999,0.1345,ANOMALIE,Similitude expertise,RAS
ml18_294b_0076_part47.wav,47,3:55,0.0999,0.1329,ANOMALIE,Similitude expertise,RAS
ml19_293a_0015_part9.wav,9,0:45,0.0997,0.1319,ANOMALIE,Similitude expertise,RAS
ml19_293a_0015_part45.wav,45,3:45,0.0992,0.1361,ANOMALIE,Similitude expertise,RAS
